Timestamp,UTC,Callsign,Position,Altitude,Speed,Direction
1742730221,2025-03-23T11:43:41Z,QTR276,"52.312683,4.760914",0,0,109
1742730285,2025-03-23T11:44:45Z,QTR276,"52.312717,4.760704",0,4,112
1742730294,2025-03-23T11:44:54Z,QTR276,"52.312798,4.760418",0,6,109
1742730300,2025-03-23T11:45:00Z,QTR276,"52.312916,4.7602",0,6,90
1742730307,2025-03-23T11:45:07Z,QTR276,"52.312992,4.759998",0,5,67
1742730311,2025-03-23T11:45:11Z,QTR276,"52.31303,4.759788",0,5,42
1742730317,2025-03-23T11:45:17Z,QTR276,"52.313019,4.759572",0,4,16
1742730333,2025-03-23T11:45:33Z,QTR276,"52.312775,4.759415",0,4,2
1742730621,2025-03-23T11:50:21Z,QTR276,"52.313004,4.759369",0,7,357
1742730629,2025-03-23T11:50:29Z,QTR276,"52.313301,4.75935",0,10,357
1742730636,2025-03-23T11:50:36Z,QTR276,"52.313667,4.759312",0,11,357
1742730643,2025-03-23T11:50:43Z,QTR276,"52.313999,4.759274",0,12,357
1742730650,2025-03-23T11:50:50Z,QTR276,"52.314365,4.759331",0,10,8
1742730655,2025-03-23T11:50:55Z,QTR276,"52.314503,4.759617",0,11,36
1742730659,2025-03-23T11:50:59Z,QTR276,"52.314522,4.759964",0,10,64
1742730664,2025-03-23T11:51:04Z,QTR276,"52.314514,4.760342",0,10,81
1742730667,2025-03-23T11:51:07Z,QTR276,"52.314514,4.760571",0,11,84
1742730670,2025-03-23T11:51:10Z,QTR276,"52.314522,4.760808",0,11,87
1742730673,2025-03-23T11:51:13Z,QTR276,"52.314526,4.761009",0,11,87
1742730676,2025-03-23T11:51:16Z,QTR276,"52.314545,4.761298",0,12,87
1742730679,2025-03-23T11:51:19Z,QTR276,"52.314556,4.761631",0,12,87
1742730684,2025-03-23T11:51:24Z,QTR276,"52.314568,4.762103",0,13,87
1742730689,2025-03-23T11:51:29Z,QTR276,"52.314579,4.762534",0,13,87
1742730699,2025-03-23T11:51:39Z,QTR276,"52.314617,4.763584",0,14,87
1742730706,2025-03-23T11:51:46Z,QTR276,"52.314636,4.764457",0,15,87
1742730718,2025-03-23T11:51:58Z,QTR276,"52.314697,4.765835",0,0,87
1742730727,2025-03-23T11:52:07Z,QTR276,"52.314732,4.766987",0,0,87
1742730735,2025-03-23T11:52:15Z,QTR276,"52.314754,4.767635",0,17,87
1742730742,2025-03-23T11:52:22Z,QTR276,"52.3148,4.76902",0,18,87
1742730753,2025-03-23T11:52:33Z,QTR276,"52.314846,4.770401",0,15,87
1742730765,2025-03-23T11:52:45Z,QTR276,"52.314892,4.77148",0,8,87
1742730771,2025-03-23T11:52:51Z,QTR276,"52.314915,4.771786",0,6,81
1742730778,2025-03-23T11:52:58Z,QTR276,"52.315086,4.772015",0,7,53
1742730784,2025-03-23T11:53:04Z,QTR276,"52.315292,4.772072",0,8,28
1742730790,2025-03-23T11:53:10Z,QTR276,"52.315521,4.772088",0,7,11
1742730797,2025-03-23T11:53:17Z,QTR276,"52.315693,4.772301",0,7,30
1742730804,2025-03-23T11:53:24Z,QTR276,"52.315796,4.772682",0,8,56
1742730808,2025-03-23T11:53:28Z,QTR276,"52.31583,4.772911",0,9,67
1742730811,2025-03-23T11:53:31Z,QTR276,"52.315853,4.77314",0,9,73
1742730815,2025-03-23T11:53:35Z,QTR276,"52.315918,4.773422",0,10,70
1742730819,2025-03-23T11:53:39Z,QTR276,"52.315998,4.773638",0,11,64
1742730822,2025-03-23T11:53:42Z,QTR276,"52.316093,4.773865",0,11,59
1742730825,2025-03-23T11:53:45Z,QTR276,"52.316208,4.774109",0,12,56
1742730829,2025-03-23T11:53:49Z,QTR276,"52.316349,4.774442",0,12,56
1742730842,2025-03-23T11:54:02Z,QTR276,"52.316769,4.775467",0,14,56
1742730848,2025-03-23T11:54:08Z,QTR276,"52.317009,4.776058",0,0,56
1742730855,2025-03-23T11:54:15Z,QTR276,"52.317268,4.776659",0,11,53
1742730861,2025-03-23T11:54:21Z,QTR276,"52.31749,4.776895",0,11,36
1742730866,2025-03-23T11:54:26Z,QTR276,"52.317745,4.776973",0,12,16
1742730871,2025-03-23T11:54:31Z,QTR276,"52.317959,4.776974",0,11,8
1742730874,2025-03-23T11:54:34Z,QTR276,"52.318199,4.776993",0,12,2
1742730878,2025-03-23T11:54:38Z,QTR276,"52.318405,4.776993",0,12,2
1742730883,2025-03-23T11:54:43Z,QTR276,"52.318703,4.777031",0,12,2
1742730887,2025-03-23T11:54:47Z,QTR276,"52.318954,4.77705",0,12,2
1742730892,2025-03-23T11:54:52Z,QTR276,"52.319183,4.777069",0,11,2
1742730906,2025-03-23T11:55:06Z,QTR276,"52.319572,4.777091",0,3,2
1742730919,2025-03-23T11:55:19Z,QTR276,"52.319836,4.777126",0,6,2
1742730930,2025-03-23T11:55:30Z,QTR276,"52.320152,4.777307",0,8,19
1742730940,2025-03-23T11:55:40Z,QTR276,"52.320351,4.77764",0,5,39
1742731021,2025-03-23T11:57:01Z,QTR276,"52.320503,4.777875",0,3,42
1742731031,2025-03-23T11:57:11Z,QTR276,"52.320641,4.778091",0,5,42
1742731042,2025-03-23T11:57:22Z,QTR276,"52.320839,4.778366",0,4,42
1742731106,2025-03-23T11:58:26Z,QTR276,"52.321014,4.778602",0,4,42
1742731119,2025-03-23T11:58:39Z,QTR276,"52.321247,4.778935",0,6,42
1742731125,2025-03-23T11:58:45Z,QTR276,"52.321293,4.77921",0,7,59
1742731133,2025-03-23T11:58:53Z,QTR276,"52.321281,4.7797",0,9,87
1742731136,2025-03-23T11:58:56Z,QTR276,"52.321232,4.779911",0,9,98
1742731150,2025-03-23T11:59:10Z,QTR276,"52.320728,4.780178",0,8,168
1742731159,2025-03-23T11:59:19Z,QTR276,"52.320477,4.780102",0,2,182
1742731275,2025-03-23T12:01:15Z,QTR276,"52.3195,4.780014",0,38,182
1742731288,2025-03-23T12:01:28Z,QTR276,"52.315384,4.779625",0,92,182
1742731308,2025-03-23T12:01:48Z,QTR276,"52.303986,4.778595",225,92,183
1742731318,2025-03-23T12:01:58Z,QTR276,"52.296616,4.777756",625,154,183
1742731324,2025-03-23T12:02:04Z,QTR276,"52.292408,4.777405",850,153,183
1742731332,2025-03-23T12:02:12Z,QTR276,"52.286495,4.776777",1200,152,183
1742731341,2025-03-23T12:02:21Z,QTR276,"52.280548,4.776306",1525,153,182
1742731345,2025-03-23T12:02:25Z,QTR276,"52.277325,4.776306",1625,159,178
1742731347,2025-03-23T12:02:27Z,QTR276,"52.275833,4.776459",1650,162,176
1742731349,2025-03-23T12:02:29Z,QTR276,"52.2743,4.776777",1675,165,173
1742731351,2025-03-23T12:02:31Z,QTR276,"52.272903,4.777169",1700,170,169
1742731353,2025-03-23T12:02:33Z,QTR276,"52.271255,4.777832",1725,173,165
1742731355,2025-03-23T12:02:35Z,QTR276,"52.269737,4.77866",1750,178,160
1742731357,2025-03-23T12:02:37Z,QTR276,"52.267731,4.780045",1775,182,155
1742731360,2025-03-23T12:02:40Z,QTR276,"52.26622,4.781342",1800,186,151
1742731362,2025-03-23T12:02:42Z,QTR276,"52.264893,4.782791",1825,190,145
1742731364,2025-03-23T12:02:44Z,QTR276,"52.263172,4.785017",1875,194,141
1742731366,2025-03-23T12:02:46Z,QTR276,"52.261776,4.787136",1925,197,136
1742731368,2025-03-23T12:02:48Z,QTR276,"52.26059,4.789276",1975,198,132
1742731370,2025-03-23T12:02:50Z,QTR276,"52.259495,4.791687",2050,200,126
1742731372,2025-03-23T12:02:52Z,QTR276,"52.258564,4.79412",2125,202,120
1742731374,2025-03-23T12:02:54Z,QTR276,"52.257568,4.797134",2225,203,115
1742731376,2025-03-23T12:02:56Z,QTR276,"52.256889,4.799927",2325,203,111
1742731378,2025-03-23T12:02:58Z,QTR276,"52.256329,4.802987",2400,205,106
1742731380,2025-03-23T12:03:00Z,QTR276,"52.255783,4.806824",2500,207,101
1742731382,2025-03-23T12:03:02Z,QTR276,"52.255554,4.809189",2550,207,97
1742731384,2025-03-23T12:03:04Z,QTR276,"52.255306,4.812953",2600,208,94
1742731387,2025-03-23T12:03:07Z,QTR276,"52.255188,4.816208",2650,210,92
1742731389,2025-03-23T12:03:09Z,QTR276,"52.255165,4.819702",2700,210,90
1742731391,2025-03-23T12:03:11Z,QTR276,"52.255188,4.822159",2750,211,89
1742731393,2025-03-23T12:03:13Z,QTR276,"52.255215,4.826058",2800,211,88
1742731395,2025-03-23T12:03:15Z,QTR276,"52.25526,4.829354",2875,211,88
1742731397,2025-03-23T12:03:17Z,QTR276,"52.255325,4.832458",2925,212,88
1742731399,2025-03-23T12:03:19Z,QTR276,"52.255352,4.835868",2975,212,88
1742731401,2025-03-23T12:03:21Z,QTR276,"52.255398,4.838771",3025,212,88
1742731403,2025-03-23T12:03:23Z,QTR276,"52.255447,4.842145",3075,212,88
1742731405,2025-03-23T12:03:25Z,QTR276,"52.255493,4.845912",3125,212,89
1742731407,2025-03-23T12:03:27Z,QTR276,"52.255508,4.849625",3200,211,89
1742731409,2025-03-23T12:03:29Z,QTR276,"52.255493,4.852897",3250,211,89
1742731412,2025-03-23T12:03:32Z,QTR276,"52.255508,4.855957",3300,211,90
1742731418,2025-03-23T12:03:38Z,QTR276,"52.255447,4.865923",3450,211,90
1742731426,2025-03-23T12:03:46Z,QTR276,"52.255188,4.879761",3675,214,92
1742731435,2025-03-23T12:03:55Z,QTR276,"52.254795,4.893546",3900,226,92
1742731441,2025-03-23T12:04:01Z,QTR276,"52.254456,4.904404",4050,234,93
1742731449,2025-03-23T12:04:09Z,QTR276,"52.254002,4.918658",4225,247,93
1742731458,2025-03-23T12:04:18Z,QTR276,"52.253399,4.935843",4450,258,93
1742731464,2025-03-23T12:04:24Z,QTR276,"52.253025,4.947379",4700,260,93
1742731472,2025-03-23T12:04:32Z,QTR276,"52.252533,4.963226",5100,262,93
1742731485,2025-03-23T12:04:45Z,QTR276,"52.251709,4.988785",5700,266,92
1742731499,2025-03-23T12:04:59Z,QTR276,"52.250885,5.018692",6350,272,92
1742731512,2025-03-23T12:05:12Z,QTR276,"52.250153,5.044479",6900,278,92
1742731527,2025-03-23T12:05:27Z,QTR276,"52.249283,5.075378",7650,279,92
1742731539,2025-03-23T12:05:39Z,QTR276,"52.248505,5.101852",8325,280,92
1742731552,2025-03-23T12:05:52Z,QTR276,"52.247765,5.129124",8950,282,92
1742731567,2025-03-23T12:06:07Z,QTR276,"52.246857,5.159607",9650,286,93
1742731579,2025-03-23T12:06:19Z,QTR276,"52.245987,5.18692",10250,288,92
1742731594,2025-03-23T12:06:34Z,QTR276,"52.245026,5.219498",10625,303,92
1742731606,2025-03-23T12:06:46Z,QTR276,"52.243423,5.2491",10800,319,99
1742731609,2025-03-23T12:06:49Z,QTR276,"52.242783,5.25383",10825,322,102
1742731611,2025-03-23T12:06:51Z,QTR276,"52.241852,5.259234",10875,324,106
1742731613,2025-03-23T12:06:53Z,QTR276,"52.24078,5.264178",10900,326,109
1742731615,2025-03-23T12:06:55Z,QTR276,"52.239578,5.26886",10925,328,113
1742731617,2025-03-23T12:06:57Z,QTR276,"52.238266,5.273202",10975,330,116
1742731619,2025-03-23T12:06:59Z,QTR276,"52.236778,5.277518",11000,332,119
1742731621,2025-03-23T12:07:01Z,QTR276,"52.235001,5.282135",11025,335,122
1742731623,2025-03-23T12:07:03Z,QTR276,"52.233101,5.286935",11075,336,123
1742731625,2025-03-23T12:07:05Z,QTR276,"52.231293,5.291214",11100,340,124
1742731627,2025-03-23T12:07:07Z,QTR276,"52.229553,5.295181",11125,341,125
1742731629,2025-03-23T12:07:09Z,QTR276,"52.227676,5.299377",11150,344,126
1742731632,2025-03-23T12:07:12Z,QTR276,"52.225204,5.304794",11200,346,126
1742731634,2025-03-23T12:07:14Z,QTR276,"52.223282,5.30899",11250,348,126
1742731636,2025-03-23T12:07:16Z,QTR276,"52.221554,5.312753",11300,348,126
1742731638,2025-03-23T12:07:18Z,QTR276,"52.219601,5.31699",11350,350,126
1742731640,2025-03-23T12:07:20Z,QTR276,"52.217194,5.322266",11450,350,126
1742731642,2025-03-23T12:07:22Z,QTR276,"52.215317,5.326309",11525,351,126
1742731644,2025-03-23T12:07:24Z,QTR276,"52.213409,5.33041",11625,351,126
1742731646,2025-03-23T12:07:26Z,QTR276,"52.211014,5.335541",11725,352,126
1742731659,2025-03-23T12:07:39Z,QTR276,"52.198418,5.363369",12325,354,126
1742731690,2025-03-23T12:08:10Z,QTR276,"52.168953,5.430071",13575,362,125
1742731722,2025-03-23T12:08:42Z,QTR276,"52.137772,5.501328",14800,368,125
1742731754,2025-03-23T12:09:14Z,QTR276,"52.105408,5.574951",15975,376,125
1742731786,2025-03-23T12:09:46Z,QTR276,"52.073471,5.647522",17075,383,125
1742731817,2025-03-23T12:10:17Z,QTR276,"52.03772,5.720032",18200,388,131
1742731849,2025-03-23T12:10:49Z,QTR276,"52.000526,5.788932",19250,393,130
1742731880,2025-03-23T12:11:20Z,QTR276,"51.962952,5.858917",20300,397,131
1742731911,2025-03-23T12:11:51Z,QTR276,"51.925278,5.929184",21350,401,131
1742731942,2025-03-23T12:12:22Z,QTR276,"51.887123,6.000977",22150,410,129
1742731974,2025-03-23T12:12:54Z,QTR276,"51.848953,6.076202",23050,415,129
1742732005,2025-03-23T12:13:25Z,QTR276,"51.810684,6.151581",23950,420,129
1742732037,2025-03-23T12:13:57Z,QTR276,"51.771835,6.226947",24850,424,129
1742732068,2025-03-23T12:14:28Z,QTR276,"51.732285,6.30348",25700,428,129
1742732099,2025-03-23T12:14:59Z,QTR276,"51.691883,6.381378",26400,433,129
1742732130,2025-03-23T12:15:30Z,QTR276,"51.652454,6.457214",27050,439,129
1742732161,2025-03-23T12:16:01Z,QTR276,"51.611443,6.535873",27900,439,129
1742732193,2025-03-23T12:16:33Z,QTR276,"51.571014,6.613101",28625,440,130
1742732224,2025-03-23T12:17:04Z,QTR276,"51.529861,6.691565",29225,444,130
1742732255,2025-03-23T12:17:35Z,QTR276,"51.489487,6.769954",29775,446,127
1742732288,2025-03-23T12:18:08Z,QTR276,"51.450699,6.859589",30525,446,124
1742732319,2025-03-23T12:18:39Z,QTR276,"51.414413,6.944027",31050,448,125
1742732350,2025-03-23T12:19:10Z,QTR276,"51.37706,7.027613",31600,449,125
1742732381,2025-03-23T12:19:41Z,QTR276,"51.339809,7.112579",31975,456,122
1742732412,2025-03-23T12:20:12Z,QTR276,"51.309223,7.206345",32225,464,115
1742732443,2025-03-23T12:20:43Z,QTR276,"51.280594,7.301788",32675,466,115
1742732476,2025-03-23T12:21:16Z,QTR276,"51.249756,7.40382",33275,468,115
1742732507,2025-03-23T12:21:47Z,QTR276,"51.220821,7.499619",33575,473,115
1742732538,2025-03-23T12:22:18Z,QTR276,"51.191727,7.596359",34025,475,115
1742732568,2025-03-23T12:22:48Z,QTR276,"51.163559,7.694809",34325,482,114
1742732599,2025-03-23T12:23:19Z,QTR276,"51.135178,7.795542",34800,484,114
1742732631,2025-03-23T12:23:51Z,QTR276,"51.105793,7.898026",35250,488,114
1742732662,2025-03-23T12:24:22Z,QTR276,"51.075764,8.000031",35650,490,115
1742732694,2025-03-23T12:24:54Z,QTR276,"51.04509,8.102268",36050,493,115
1742732715,2025-03-23T12:25:15Z,QTR276,"51.022202,8.167593",36475,489,125
1742732717,2025-03-23T12:25:17Z,QTR276,"51.019485,8.173523",36550,489,126
1742732719,2025-03-23T12:25:19Z,QTR276,"51.016022,8.180583",36625,488,128
1742732721,2025-03-23T12:25:21Z,QTR276,"51.013779,8.184889",36650,488,129
1742732723,2025-03-23T12:25:23Z,QTR276,"51.010208,8.191495",36725,486,131
1742732725,2025-03-23T12:25:25Z,QTR276,"51.007286,8.19664",36775,487,132
1742732727,2025-03-23T12:25:27Z,QTR276,"51.004303,8.201739",36825,486,133
1742732729,2025-03-23T12:25:29Z,QTR276,"51.000366,8.208346",36900,485,133
1742732731,2025-03-23T12:25:31Z,QTR276,"50.997711,8.212651",36925,485,133
1742732733,2025-03-23T12:25:33Z,QTR276,"50.994415,8.217997",36975,485,134
1742732735,2025-03-23T12:25:35Z,QTR276,"50.990528,8.224411",37025,485,134
1742732737,2025-03-23T12:25:37Z,QTR276,"50.988007,8.228463",37050,485,134
1742732740,2025-03-23T12:25:40Z,QTR276,"50.984989,8.233414",37100,484,134
1742732742,2025-03-23T12:25:42Z,QTR276,"50.981033,8.239899",37150,484,133
1742732773,2025-03-23T12:26:13Z,QTR276,"50.933533,8.321698",37625,484,131
1742732804,2025-03-23T12:26:44Z,QTR276,"50.887089,8.40332",37875,487,132
1742732836,2025-03-23T12:27:16Z,QTR276,"50.838776,8.487458",38000,489,132
1742732867,2025-03-23T12:27:47Z,QTR276,"50.791519,8.568954",38000,487,132
1742732900,2025-03-23T12:28:20Z,QTR276,"50.742142,8.653738",38000,487,132
1742732931,2025-03-23T12:28:51Z,QTR276,"50.693848,8.736358",38000,486,132
1742732963,2025-03-23T12:29:23Z,QTR276,"50.64624,8.817685",38000,486,132
1742732994,2025-03-23T12:29:54Z,QTR276,"50.598404,8.899215",38000,486,132
1742733025,2025-03-23T12:30:25Z,QTR276,"50.551353,8.979096",38000,486,132
1742733056,2025-03-23T12:30:56Z,QTR276,"50.502914,9.060974",38175,488,132
1742733087,2025-03-23T12:31:27Z,QTR276,"50.454987,9.141853",38475,491,132
1742733119,2025-03-23T12:31:59Z,QTR276,"50.406601,9.223311",38725,493,132
1742733150,2025-03-23T12:32:30Z,QTR276,"50.35817,9.304625",39225,491,132
1742733182,2025-03-23T12:33:02Z,QTR276,"50.309784,9.385505",39825,484,133
1742733213,2025-03-23T12:33:33Z,QTR276,"50.26194,9.465167",40025,486,133
1742733244,2025-03-23T12:34:04Z,QTR276,"50.214268,9.544373",40150,490,133
1742733275,2025-03-23T12:34:35Z,QTR276,"50.164879,9.62625",40275,493,133
1742733306,2025-03-23T12:35:06Z,QTR276,"50.118851,9.710107",40550,495,127
1742733338,2025-03-23T12:35:38Z,QTR276,"50.079071,9.800961",40875,496,121
1742733369,2025-03-23T12:36:09Z,QTR276,"50.044449,9.899647",41000,500,115
1742733400,2025-03-23T12:36:40Z,QTR276,"50.01675,10.002012",41025,497,110
1742733431,2025-03-23T12:37:11Z,QTR276,"49.991611,10.106606",41000,497,110
1742733463,2025-03-23T12:37:43Z,QTR276,"49.965961,10.209862",41000,499,111
1742733494,2025-03-23T12:38:14Z,QTR276,"49.939316,10.317535",41000,500,111
1742733526,2025-03-23T12:38:46Z,QTR276,"49.910797,10.420677",41000,498,116
1742733557,2025-03-23T12:39:17Z,QTR276,"49.87672,10.518073",41000,497,118
1742733589,2025-03-23T12:39:49Z,QTR276,"49.842224,10.616876",41000,496,118
1742733621,2025-03-23T12:40:21Z,QTR276,"49.807251,10.717597",41000,495,118
1742733652,2025-03-23T12:40:52Z,QTR276,"49.773468,10.813871",41000,494,118
1742733683,2025-03-23T12:41:23Z,QTR276,"49.739063,10.911428",41000,496,118
1742733715,2025-03-23T12:41:55Z,QTR276,"49.705036,11.007707",41000,498,118
1742733746,2025-03-23T12:42:26Z,QTR276,"49.670105,11.106021",41000,498,118
1742733778,2025-03-23T12:42:58Z,QTR276,"49.634949,11.204681",41000,499,118
1742733809,2025-03-23T12:43:29Z,QTR276,"49.599827,11.303001",41000,500,118
1742733841,2025-03-23T12:44:01Z,QTR276,"49.564308,11.401804",41000,499,118
1742733873,2025-03-23T12:44:33Z,QTR276,"49.530277,11.499865",41000,498,116
1742733905,2025-03-23T12:45:05Z,QTR276,"49.497597,11.600449",41000,498,116
1742733936,2025-03-23T12:45:36Z,QTR276,"49.464661,11.699933",41000,499,117
1742733967,2025-03-23T12:46:07Z,QTR276,"49.431381,11.798738",41000,501,117
1742733999,2025-03-23T12:46:39Z,QTR276,"49.39801,11.89763",41000,499,117
1742734030,2025-03-23T12:47:10Z,QTR276,"49.364597,11.996203",41000,498,117
1742734062,2025-03-23T12:47:42Z,QTR276,"49.330948,12.095032",41000,497,117
1742734093,2025-03-23T12:48:13Z,QTR276,"49.297379,12.193162",41000,498,117
1742734125,2025-03-23T12:48:45Z,QTR276,"49.263794,12.291166",41000,500,117
1742734156,2025-03-23T12:49:16Z,QTR276,"49.23011,12.388965",41000,501,117
1742734188,2025-03-23T12:49:48Z,QTR276,"49.195847,12.488058",41000,503,117
1742734219,2025-03-23T12:50:19Z,QTR276,"49.161667,12.586318",41000,505,117
1742734250,2025-03-23T12:50:50Z,QTR276,"49.127647,12.684005",41000,505,117
1742734282,2025-03-23T12:51:22Z,QTR276,"49.093151,12.782665",41000,506,118
1742734313,2025-03-23T12:51:53Z,QTR276,"49.058487,12.88147",41000,507,118
1742734345,2025-03-23T12:52:25Z,QTR276,"49.023834,12.979783",41000,507,118
1742734376,2025-03-23T12:52:56Z,QTR276,"48.988907,13.078589",41000,506,118
1742734408,2025-03-23T12:53:28Z,QTR276,"48.953869,13.177234",41000,505,118
1742734439,2025-03-23T12:53:59Z,QTR276,"48.918766,13.275677",41000,506,118
1742734471,2025-03-23T12:54:31Z,QTR276,"48.8839,13.373035",41000,506,118
1742734502,2025-03-23T12:55:02Z,QTR276,"48.848286,13.472346",41000,506,118
1742734534,2025-03-23T12:55:34Z,QTR276,"48.813309,13.569172",41000,506,118
1742734565,2025-03-23T12:56:05Z,QTR276,"48.778473,13.665513",41000,507,118
1742734596,2025-03-23T12:56:36Z,QTR276,"48.745407,13.766376",41000,512,113
1742734628,2025-03-23T12:57:08Z,QTR276,"48.715714,13.869958",41000,513,113
1742734659,2025-03-23T12:57:39Z,QTR276,"48.685272,13.972637",41000,510,114
1742734691,2025-03-23T12:58:11Z,QTR276,"48.655014,14.074261",41000,510,114
1742734722,2025-03-23T12:58:42Z,QTR276,"48.624603,14.176411",41000,507,114
1742734755,2025-03-23T12:59:15Z,QTR276,"48.593124,14.281875",41000,506,114
1742734786,2025-03-23T12:59:46Z,QTR276,"48.562729,14.382864",41000,506,114
1742734818,2025-03-23T13:00:18Z,QTR276,"48.532429,14.483233",41000,508,114
1742734849,2025-03-23T13:00:49Z,QTR276,"48.502544,14.58211",41000,510,114
1742734880,2025-03-23T13:01:20Z,QTR276,"48.471954,14.682876",41000,510,114
1742734911,2025-03-23T13:01:51Z,QTR276,"48.441147,14.783654",41000,510,114
1742734942,2025-03-23T13:02:22Z,QTR276,"48.410339,14.884292",41000,510,114
1742734973,2025-03-23T13:02:53Z,QTR276,"48.379578,14.984436",41000,510,114
1742735005,2025-03-23T13:03:25Z,QTR276,"48.34864,15.084373",41000,512,115
1742735036,2025-03-23T13:03:56Z,QTR276,"48.317459,15.184866",41025,514,114
1742735067,2025-03-23T13:04:27Z,QTR276,"48.286308,15.284945",41000,514,114
1742735098,2025-03-23T13:04:58Z,QTR276,"48.254791,15.385859",41025,512,115
1742735129,2025-03-23T13:05:29Z,QTR276,"48.223801,15.484736",41000,514,115
1742735161,2025-03-23T13:06:01Z,QTR276,"48.191437,15.587287",41025,516,115
1742735192,2025-03-23T13:06:32Z,QTR276,"48.158943,15.689744",41000,516,115
1742735224,2025-03-23T13:07:04Z,QTR276,"48.127121,15.789963",41025,516,115
1742735255,2025-03-23T13:07:35Z,QTR276,"48.095169,15.890282",41000,514,115
1742735286,2025-03-23T13:08:06Z,QTR276,"48.063766,15.988197",41000,513,115
1742735317,2025-03-23T13:08:37Z,QTR276,"48.031342,16.088915",41000,516,115
1742735348,2025-03-23T13:09:08Z,QTR276,"47.999592,16.187157",41000,521,115
1742735381,2025-03-23T13:09:41Z,QTR276,"47.965378,16.292654",41000,526,116
1742735414,2025-03-23T13:10:14Z,QTR276,"47.930279,16.400545",41000,526,115
1742735445,2025-03-23T13:10:45Z,QTR276,"47.897224,16.50231",41000,523,116
1742735478,2025-03-23T13:11:18Z,QTR276,"47.86203,16.609215",41000,528,116
1742735509,2025-03-23T13:11:49Z,QTR276,"47.828934,16.709431",41000,524,116
1742735542,2025-03-23T13:12:22Z,QTR276,"47.794098,16.814987",41000,519,116
1742735573,2025-03-23T13:12:53Z,QTR276,"47.761185,16.913658",41000,511,116
1742735604,2025-03-23T13:13:24Z,QTR276,"47.728519,17.011976",41000,510,116
1742735636,2025-03-23T13:13:56Z,QTR276,"47.695793,17.109728",41000,510,116
1742735667,2025-03-23T13:14:27Z,QTR276,"47.662994,17.208504",41000,507,116
1742735698,2025-03-23T13:14:58Z,QTR276,"47.630669,17.305721",41000,510,116
1742735729,2025-03-23T13:15:29Z,QTR276,"47.598175,17.40255",41000,514,116
1742735760,2025-03-23T13:16:00Z,QTR276,"47.565491,17.499573",41025,515,116
1742735791,2025-03-23T13:16:31Z,QTR276,"47.532074,17.598312",41000,520,116
1742735822,2025-03-23T13:17:02Z,QTR276,"47.49852,17.697258",41000,522,116
1742735853,2025-03-23T13:17:33Z,QTR276,"47.4655,17.794472",41000,521,116
1742735884,2025-03-23T13:18:04Z,QTR276,"47.431469,17.894123",41000,523,116
1742735916,2025-03-23T13:18:36Z,QTR276,"47.396511,17.996029",41000,525,116
1742735947,2025-03-23T13:19:07Z,QTR276,"47.362335,18.0951",41000,522,116
1742735979,2025-03-23T13:19:39Z,QTR276,"47.327911,18.194527",41000,524,117
1742736010,2025-03-23T13:20:10Z,QTR276,"47.294003,18.292236",41000,522,117
1742736042,2025-03-23T13:20:42Z,QTR276,"47.258789,18.393379",41000,522,117
1742736073,2025-03-23T13:21:13Z,QTR276,"47.225098,18.48999",41000,517,117
1742736104,2025-03-23T13:21:44Z,QTR276,"47.190609,18.588093",41000,518,117
1742736135,2025-03-23T13:22:15Z,QTR276,"47.156208,18.685631",41000,520,117
1742736167,2025-03-23T13:22:47Z,QTR276,"47.121666,18.783382",41000,518,117
1742736198,2025-03-23T13:23:18Z,QTR276,"47.086845,18.881554",41000,516,117
1742736229,2025-03-23T13:23:49Z,QTR276,"47.052475,18.977989",41000,518,117
1742736261,2025-03-23T13:24:21Z,QTR276,"47.017574,19.075575",41000,518,117
1742736292,2025-03-23T13:24:52Z,QTR276,"46.98317,19.171555",41000,520,117
1742736324,2025-03-23T13:25:24Z,QTR276,"46.947693,19.270088",41000,521,117
1742736355,2025-03-23T13:25:55Z,QTR276,"46.912971,19.36622",41000,521,117
1742736386,2025-03-23T13:26:26Z,QTR276,"46.877453,19.4639",41000,522,117
1742736418,2025-03-23T13:26:58Z,QTR276,"46.841419,19.563011",41000,522,117
1742736449,2025-03-23T13:27:29Z,QTR276,"46.805603,19.661039",41000,522,118
1742736481,2025-03-23T13:28:01Z,QTR276,"46.769451,19.75946",41000,524,118
1742736512,2025-03-23T13:28:32Z,QTR276,"46.733837,19.856209",41000,526,118
1742736544,2025-03-23T13:29:04Z,QTR276,"46.698318,19.952339",41000,527,118
1742736576,2025-03-23T13:29:36Z,QTR276,"46.660843,20.053139",41000,529,118
1742736607,2025-03-23T13:30:07Z,QTR276,"46.623787,20.153114",41000,532,118
1742736638,2025-03-23T13:30:38Z,QTR276,"46.58844,20.247602",41000,530,118
1742736669,2025-03-23T13:31:09Z,QTR276,"46.551819,20.345272",41025,530,118
1742736701,2025-03-23T13:31:41Z,QTR276,"46.514622,20.444046",41000,528,118
1742736732,2025-03-23T13:32:12Z,QTR276,"46.478683,20.539078",41000,532,118
1742736763,2025-03-23T13:32:43Z,QTR276,"46.440811,20.639225",41000,533,118
1742736795,2025-03-23T13:33:15Z,QTR276,"46.403503,20.737244",41000,535,118
1742736826,2025-03-23T13:33:46Z,QTR276,"46.366882,20.833227",41000,536,118
1742736857,2025-03-23T13:34:17Z,QTR276,"46.328842,20.932371",41000,534,119
1742736889,2025-03-23T13:34:49Z,QTR276,"46.290939,21.030914",41000,535,119
1742736920,2025-03-23T13:35:20Z,QTR276,"46.253403,21.128117",41000,535,119
1742736952,2025-03-23T13:35:52Z,QTR276,"46.213478,21.227783",41000,535,120
1742736984,2025-03-23T13:36:24Z,QTR276,"46.174141,21.323708",41000,536,120
1742737015,2025-03-23T13:36:55Z,QTR276,"46.134617,21.420731",41025,536,120
1742737047,2025-03-23T13:37:27Z,QTR276,"46.095188,21.517479",41000,535,120
1742737078,2025-03-23T13:37:58Z,QTR276,"46.055466,21.614595",41000,535,120
1742737109,2025-03-23T13:38:29Z,QTR276,"46.016235,21.710123",41000,534,120
1742737140,2025-03-23T13:39:00Z,QTR276,"45.977692,21.80364",41000,533,120
1742737172,2025-03-23T13:39:32Z,QTR276,"45.938599,21.898298",41000,532,120
1742737203,2025-03-23T13:40:03Z,QTR276,"45.898682,21.994362",41000,533,120
1742737234,2025-03-23T13:40:34Z,QTR276,"45.858982,22.089729",41000,535,120
1742737266,2025-03-23T13:41:06Z,QTR276,"45.819031,22.185482",41000,538,120
1742737297,2025-03-23T13:41:37Z,QTR276,"45.779518,22.279724",41000,540,120
1742737328,2025-03-23T13:42:08Z,QTR276,"45.739483,22.374962",41000,542,121
1742737360,2025-03-23T13:42:40Z,QTR276,"45.698135,22.47287",41000,541,121
1742737391,2025-03-23T13:43:11Z,QTR276,"45.657806,22.568195",41000,541,121
1742737423,2025-03-23T13:43:43Z,QTR276,"45.617237,22.663696",41000,541,121
1742737454,2025-03-23T13:44:14Z,QTR276,"45.576363,22.759483",41000,542,121
1742737485,2025-03-23T13:44:45Z,QTR276,"45.534897,22.856401",41000,544,121
1742737517,2025-03-23T13:45:17Z,QTR276,"45.492966,22.95397",41000,546,121
1742737549,2025-03-23T13:45:49Z,QTR276,"45.451447,23.050364",41025,547,121
1742737580,2025-03-23T13:46:20Z,QTR276,"45.409653,23.147081",41000,548,121
1742737612,2025-03-23T13:46:52Z,QTR276,"45.368637,23.241774",41000,547,121
1742737643,2025-03-23T13:47:23Z,QTR276,"45.327076,23.337238",41000,544,121
1742737674,2025-03-23T13:47:54Z,QTR276,"45.285965,23.431353",41000,543,121
1742737706,2025-03-23T13:48:26Z,QTR276,"45.244492,23.526083",41000,542,121
1742737737,2025-03-23T13:48:57Z,QTR276,"45.203018,23.620279",41000,543,121
1742737768,2025-03-23T13:49:28Z,QTR276,"45.161072,23.715397",41000,544,121
1742737799,2025-03-23T13:49:59Z,QTR276,"45.11964,23.809181",41000,546,122
1742737831,2025-03-23T13:50:31Z,QTR276,"45.077511,23.903906",41000,543,122
1742737862,2025-03-23T13:51:02Z,QTR276,"45.035797,23.997557",41000,540,122
1742737894,2025-03-23T13:51:34Z,QTR276,"44.9939,24.091276",41000,542,122
1742737925,2025-03-23T13:52:05Z,QTR276,"44.951447,24.185932",41000,544,122
1742737957,2025-03-23T13:52:37Z,QTR276,"44.90913,24.279985",41000,544,122
1742737989,2025-03-23T13:53:09Z,QTR276,"44.865791,24.375782",41000,544,122
1742738020,2025-03-23T13:53:40Z,QTR276,"44.823166,24.470018",41000,545,122
1742738051,2025-03-23T13:54:11Z,QTR276,"44.78096,24.562815",41000,544,122
1742738083,2025-03-23T13:54:43Z,QTR276,"44.738098,24.656939",41000,546,122
1742738114,2025-03-23T13:55:14Z,QTR276,"44.695736,24.749384",41000,546,122
1742738146,2025-03-23T13:55:46Z,QTR276,"44.652859,24.842768",41000,545,122
1742738177,2025-03-23T13:56:17Z,QTR276,"44.609707,24.936621",41000,545,122
1742738208,2025-03-23T13:56:48Z,QTR276,"44.567062,25.028799",41000,546,122
1742738239,2025-03-23T13:57:19Z,QTR276,"44.523956,25.12178",41000,545,122
1742738271,2025-03-23T13:57:51Z,QTR276,"44.481407,25.213356",41000,546,122
1742738302,2025-03-23T13:58:22Z,QTR276,"44.437927,25.306538",41000,548,123
1742738333,2025-03-23T13:58:53Z,QTR276,"44.395248,25.397709",41000,548,123
1742738364,2025-03-23T13:59:24Z,QTR276,"44.352039,25.489822",41000,548,123
1742738396,2025-03-23T13:59:56Z,QTR276,"44.308838,25.583273",41000,550,121
1742738427,2025-03-23T14:00:27Z,QTR276,"44.26685,25.678198",41000,550,121
1742738459,2025-03-23T14:00:59Z,QTR276,"44.224869,25.771963",41000,548,122
1742738490,2025-03-23T14:01:30Z,QTR276,"44.182663,25.865265",41000,546,122
1742738521,2025-03-23T14:02:01Z,QTR276,"44.140961,25.957052",41000,544,122
1742738552,2025-03-23T14:02:32Z,QTR276,"44.099075,26.048903",41000,542,122
1742738583,2025-03-23T14:03:03Z,QTR276,"44.056992,26.140987",41000,540,122
1742738615,2025-03-23T14:03:35Z,QTR276,"44.015488,26.23152",41000,541,122
1742738646,2025-03-23T14:04:06Z,QTR276,"43.973053,26.323753",41000,541,122
1742738677,2025-03-23T14:04:37Z,QTR276,"43.930882,26.415121",41000,542,122
1742738709,2025-03-23T14:05:09Z,QTR276,"43.888378,26.507002",41000,540,122
1742738741,2025-03-23T14:05:41Z,QTR276,"43.845749,26.598858",41000,540,122
1742738772,2025-03-23T14:06:12Z,QTR276,"43.80304,26.690517",41000,541,122
1742738803,2025-03-23T14:06:43Z,QTR276,"43.761292,26.779764",41000,541,122
1742738834,2025-03-23T14:07:14Z,QTR276,"43.71785,26.872622",41000,543,122
1742738866,2025-03-23T14:07:46Z,QTR276,"43.674751,26.964243",40975,543,122
1742738898,2025-03-23T14:08:18Z,QTR276,"43.631836,27.055111",41000,544,123
1742738929,2025-03-23T14:08:49Z,QTR276,"43.588577,27.146578",41000,543,123
1742738960,2025-03-23T14:09:20Z,QTR276,"43.546143,27.236065",41000,542,123
1742738991,2025-03-23T14:09:51Z,QTR276,"43.503113,27.326384",41000,543,123
1742739023,2025-03-23T14:10:23Z,QTR276,"43.460423,27.415859",41000,537,123
1742739054,2025-03-23T14:10:54Z,QTR276,"43.417084,27.5063",41000,535,123
1742739086,2025-03-23T14:11:26Z,QTR276,"43.374115,27.595804",41000,535,123
1742739117,2025-03-23T14:11:57Z,QTR276,"43.332127,27.682997",41000,534,123
1742739149,2025-03-23T14:12:29Z,QTR276,"43.289345,27.771475",41025,533,123
1742739180,2025-03-23T14:13:00Z,QTR276,"43.245865,27.861132",41000,532,123
1742739212,2025-03-23T14:13:32Z,QTR276,"43.20192,27.951572",41000,532,123
1742739244,2025-03-23T14:14:04Z,QTR276,"43.159138,28.039137",41000,534,123
1742739275,2025-03-23T14:14:35Z,QTR276,"43.116169,28.127028",41000,535,123
1742739306,2025-03-23T14:15:06Z,QTR276,"43.073341,28.214264",41000,535,123
1742739338,2025-03-23T14:15:38Z,QTR276,"43.029816,28.302744",41000,534,123
1742739369,2025-03-23T14:16:09Z,QTR276,"42.986847,28.389784",41000,533,123
1742739401,2025-03-23T14:16:41Z,QTR276,"42.944347,28.475805",41000,532,124
1742739432,2025-03-23T14:17:12Z,QTR276,"42.900982,28.563107",41000,531,124
1742739463,2025-03-23T14:17:43Z,QTR276,"42.85799,28.649416",41000,534,124
1742739495,2025-03-23T14:18:15Z,QTR276,"42.814384,28.736824",41000,534,124
1742739526,2025-03-23T14:18:46Z,QTR276,"42.77103,28.823338",41000,534,124
1742739558,2025-03-23T14:19:18Z,QTR276,"42.726288,28.912159",41000,536,124
1742739590,2025-03-23T14:19:50Z,QTR276,"42.680286,29.003508",41000,535,124
1742739622,2025-03-23T14:20:22Z,QTR276,"42.63662,29.088192",41000,270,142
1742739626,2025-03-23T14:20:26Z,QTR276,"42.631172,29.101271",41000,390,114
1742739639,2025-03-23T14:20:39Z,QTR276,"42.612652,29.13756",41000,513,55
1742739653,2025-03-23T14:20:53Z,QTR276,"42.592308,29.177246",41000,515,114
1742739666,2025-03-23T14:21:06Z,QTR276,"42.574219,29.213375",41000,370,115
1742739668,2025-03-23T14:21:08Z,QTR276,"42.571682,29.217939",41000,320,123
1742739687,2025-03-23T14:21:27Z,QTR276,"42.545006,29.269802",41000,8,270
1742739707,2025-03-23T14:21:47Z,QTR276,"42.516216,29.326328",41000,8,270
1742739742,2025-03-23T14:22:22Z,QTR276,"42.467499,29.421711",41000,543,270
1742739761,2025-03-23T14:22:41Z,QTR276,"42.440281,29.47505",41000,330,123
1742739763,2025-03-23T14:22:43Z,QTR276,"42.437527,29.480055",41000,534,122
1742739765,2025-03-23T14:22:45Z,QTR276,"42.433952,29.485693",41000,340,138
1742739767,2025-03-23T14:22:47Z,QTR276,"42.431713,29.49136",41000,530,126
1742739769,2025-03-23T14:22:49Z,QTR276,"42.428902,29.497129",41000,544,120
1742739771,2025-03-23T14:22:51Z,QTR276,"42.42593,29.502693",41000,525,124
1742739773,2025-03-23T14:22:53Z,QTR276,"42.422684,29.509092",41000,538,124
1742739775,2025-03-23T14:22:55Z,QTR276,"42.419765,29.515051",41000,538,125
1742739777,2025-03-23T14:22:57Z,QTR276,"42.416145,29.520399",41000,569,140
1742739780,2025-03-23T14:23:00Z,QTR276,"42.413849,29.52709",41000,552,110
1742739782,2025-03-23T14:23:02Z,QTR276,"42.410931,29.532724",41000,536,123
1742739784,2025-03-23T14:23:04Z,QTR276,"42.408314,29.538641",41000,555,120
1742739786,2025-03-23T14:23:06Z,QTR276,"42.405453,29.544596",41000,535,120
1742739794,2025-03-23T14:23:14Z,QTR276,"42.394901,29.5681",41000,539,270
1742739813,2025-03-23T14:23:33Z,QTR276,"42.37225,29.623699",41000,534,270
1742739815,2025-03-23T14:23:35Z,QTR276,"42.369938,29.630087",41000,543,270
1742739818,2025-03-23T14:23:38Z,QTR276,"42.367222,29.637096",41000,537,270
1742739820,2025-03-23T14:23:40Z,QTR276,"42.36499,29.643784",41000,528,270
1742739822,2025-03-23T14:23:42Z,QTR276,"42.362873,29.649595",41000,538,270
1742739833,2025-03-23T14:23:53Z,QTR276,"42.350857,29.684843",41000,512,116
1742739835,2025-03-23T14:23:55Z,QTR276,"42.348755,29.691908",41000,552,112
1742739837,2025-03-23T14:23:57Z,QTR276,"42.346935,29.697695",41000,535,114
1742739840,2025-03-23T14:24:00Z,QTR276,"42.345039,29.70377",41000,513,105
1742739842,2025-03-23T14:24:02Z,QTR276,"42.343216,29.710007",41000,520,111
1742739844,2025-03-23T14:24:04Z,QTR276,"42.341156,29.717224",41000,53,205
1742739863,2025-03-23T14:24:23Z,QTR276,"42.325146,29.776098",41000,532,103
1742739867,2025-03-23T14:24:27Z,QTR276,"42.321888,29.78915",41000,522,103
1742739873,2025-03-23T14:24:33Z,QTR276,"42.316895,29.809322",41000,527,103
1742739902,2025-03-23T14:25:02Z,QTR276,"42.293758,29.899954",41000,522,115
1742739934,2025-03-23T14:25:34Z,QTR276,"42.268642,29.997765",41000,542,110
1742739965,2025-03-23T14:26:05Z,QTR276,"42.243153,30.096756",41000,517,109
1742739991,2025-03-23T14:26:31Z,QTR276,"42.222744,30.175884",41000,580,225
1742739993,2025-03-23T14:26:33Z,QTR276,"42.221165,30.182146",41000,542,225
1742739995,2025-03-23T14:26:35Z,QTR276,"42.219311,30.189308",41000,530,225
1742739997,2025-03-23T14:26:37Z,QTR276,"42.217873,30.195038",41000,8,225
1742739999,2025-03-23T14:26:39Z,QTR276,"42.216221,30.201336",41000,8,225
1742740001,2025-03-23T14:26:41Z,QTR276,"42.214512,30.207638",41000,8,225
1742740003,2025-03-23T14:26:43Z,QTR276,"42.21286,30.214102",41000,8,225
1742740005,2025-03-23T14:26:45Z,QTR276,"42.210659,30.222303",41000,8,225
1742740007,2025-03-23T14:26:47Z,QTR276,"42.209435,30.227674",41000,8,225
1742740009,2025-03-23T14:26:49Z,QTR276,"42.207691,30.234276",41000,8,225
1742740011,2025-03-23T14:26:51Z,QTR276,"42.206024,30.240675",41000,533,225
1742740013,2025-03-23T14:26:53Z,QTR276,"42.204361,30.246603",41000,523,225
1742740016,2025-03-23T14:26:56Z,QTR276,"42.202267,30.253395",41000,502,225
1742740018,2025-03-23T14:26:58Z,QTR276,"42.20108,30.259701",41000,538,225
1742740028,2025-03-23T14:27:08Z,QTR276,"42.192596,30.292183",41000,538,108
1742740030,2025-03-23T14:27:10Z,QTR276,"42.190666,30.299545",41000,531,109
1742740032,2025-03-23T14:27:12Z,QTR276,"42.189064,30.30591",41000,542,109
1742740034,2025-03-23T14:27:14Z,QTR276,"42.187668,30.31114",41000,523,103
1742740036,2025-03-23T14:27:16Z,QTR276,"42.185837,30.318394",41000,540,108
1742740038,2025-03-23T14:27:18Z,QTR276,"42.184177,30.324429",41000,515,110
1742740040,2025-03-23T14:27:20Z,QTR276,"42.182335,30.331511",41000,525,109
1742740043,2025-03-23T14:27:23Z,QTR276,"42.180782,30.337984",41000,537,108
1742740045,2025-03-23T14:27:25Z,QTR276,"42.17918,30.344265",41000,540,107
1742740047,2025-03-23T14:27:27Z,QTR276,"42.177475,30.35078",41000,533,109
1742740049,2025-03-23T14:27:29Z,QTR276,"42.175529,30.358105",41000,523,109
1742740051,2025-03-23T14:27:31Z,QTR276,"42.17382,30.364231",41000,517,110
1742740053,2025-03-23T14:27:33Z,QTR276,"42.172157,30.371237",41000,539,108
1742740055,2025-03-23T14:27:35Z,QTR276,"42.170521,30.377542",41000,538,108
1742740086,2025-03-23T14:28:06Z,QTR276,"42.144844,30.475414",41000,542,110
1742740118,2025-03-23T14:28:38Z,QTR276,"42.119011,30.574793",41000,535,111
1742740150,2025-03-23T14:29:10Z,QTR276,"42.092793,30.674408",41000,531,109
1742740182,2025-03-23T14:29:42Z,QTR276,"42.066738,30.773167",41000,540,108
1742740213,2025-03-23T14:30:13Z,QTR276,"42.040405,30.872164",41000,565,105
1742740217,2025-03-23T14:30:17Z,QTR276,"42.037884,30.884676",41000,310,87
1742740247,2025-03-23T14:30:47Z,QTR276,"42.012341,30.977198",41000,524,110
1742740249,2025-03-23T14:30:49Z,QTR276,"42.011234,30.984268",41000,360,94
1742740278,2025-03-23T14:31:18Z,QTR276,"41.98584,31.076862",41000,541,121
1742740297,2025-03-23T14:31:37Z,QTR276,"41.971004,31.135801",41000,340,100
1742740303,2025-03-23T14:31:43Z,QTR276,"41.966393,31.155243",41000,260,63
1742740307,2025-03-23T14:31:47Z,QTR276,"41.962147,31.168196",41000,525,109
1742740320,2025-03-23T14:32:00Z,QTR276,"41.950443,31.208241",41000,490,119
1742740326,2025-03-23T14:32:06Z,QTR276,"41.946011,31.227573",41000,400,15
1742740328,2025-03-23T14:32:08Z,QTR276,"41.944687,31.233892",41000,140,88
1742740330,2025-03-23T14:32:10Z,QTR276,"41.942734,31.241743",41000,400,102
1742740332,2025-03-23T14:32:12Z,QTR276,"41.940697,31.247173",41000,260,113
1742740343,2025-03-23T14:32:23Z,QTR276,"41.931164,31.28162",41000,574,41
1742740355,2025-03-23T14:32:35Z,QTR276,"41.921326,31.318104",41000,770,1
1742740357,2025-03-23T14:32:37Z,QTR276,"41.873241,31.318584",41000,770,184
1742740364,2025-03-23T14:32:44Z,QTR276,"41.867035,31.341684",41000,770,168
1742740375,2025-03-23T14:32:55Z,QTR276,"41.905025,31.380617",41000,541,109
1742740377,2025-03-23T14:32:57Z,QTR276,"41.902786,31.387621",41000,546,117
1742740379,2025-03-23T14:32:59Z,QTR276,"41.901154,31.394072",41000,546,113
1742740381,2025-03-23T14:33:01Z,QTR276,"41.898888,31.401894",41000,561,112
1742740383,2025-03-23T14:33:03Z,QTR276,"41.898106,31.4072",41000,280,101
1742740385,2025-03-23T14:33:05Z,QTR276,"41.894783,31.415581",41000,500,114
1742740387,2025-03-23T14:33:07Z,QTR276,"41.894138,31.422077",41000,490,96
1742740389,2025-03-23T14:33:09Z,QTR276,"41.892048,31.427805",41000,300,103
1742740391,2025-03-23T14:33:11Z,QTR276,"41.890285,31.434427",41000,562,114
1742740393,2025-03-23T14:33:13Z,QTR276,"41.888298,31.440918",41000,551,118
1742740398,2025-03-23T14:33:18Z,QTR276,"41.886532,31.454454",41000,350,71
1742740406,2025-03-23T14:33:26Z,QTR276,"41.877167,31.479813",41000,616,130
1742740413,2025-03-23T14:33:33Z,QTR276,"41.871059,31.50383",41000,540,16
1742740415,2025-03-23T14:33:35Z,QTR276,"41.869858,31.509407",41000,522,97
1742740417,2025-03-23T14:33:37Z,QTR276,"41.867306,31.515724",41000,320,113
1742740419,2025-03-23T14:33:39Z,QTR276,"41.865723,31.522556",41000,549,116
1742740421,2025-03-23T14:33:41Z,QTR276,"41.863758,31.529102",41000,528,104
1742740423,2025-03-23T14:33:43Z,QTR276,"41.862232,31.535654",41000,536,107
1742740428,2025-03-23T14:33:48Z,QTR276,"41.859531,31.548386",41000,330,85
1742740432,2025-03-23T14:33:52Z,QTR276,"41.854855,31.562469",41000,407,95
1742740434,2025-03-23T14:33:54Z,QTR276,"41.85294,31.569038",41000,556,116
1742740440,2025-03-23T14:34:00Z,QTR276,"41.847027,31.588621",41000,180,121
1742740442,2025-03-23T14:34:02Z,QTR276,"41.845322,31.594763",41000,558,127
1742740446,2025-03-23T14:34:06Z,QTR276,"41.842178,31.608381",41025,220,93
1742740448,2025-03-23T14:34:08Z,QTR276,"41.83963,31.614435",41000,260,132
1742740453,2025-03-23T14:34:13Z,QTR276,"41.837006,31.627502",41000,534,122
1742740457,2025-03-23T14:34:17Z,QTR276,"41.833534,31.642254",41000,534,111
1742740464,2025-03-23T14:34:24Z,QTR276,"41.826859,31.665564",41000,542,97
1742740469,2025-03-23T14:34:29Z,QTR276,"41.823521,31.678621",41000,270,108
1742740471,2025-03-23T14:34:31Z,QTR276,"41.820976,31.685349",41000,563,110
1742740478,2025-03-23T14:34:38Z,QTR276,"41.815208,31.709175",41000,511,98
1742740482,2025-03-23T14:34:42Z,QTR276,"41.810722,31.722996",41000,410,106
1742740484,2025-03-23T14:34:44Z,QTR276,"41.809952,31.727903",41000,539,91
1742740489,2025-03-23T14:34:49Z,QTR276,"41.80632,31.743723",41000,520,106
1742740491,2025-03-23T14:34:51Z,QTR276,"41.803501,31.74799",41000,310,131
1742740495,2025-03-23T14:34:55Z,QTR276,"41.800415,31.761902",41000,532,118
1742740497,2025-03-23T14:34:57Z,QTR276,"41.7976,31.767967",41000,370,130
1742740499,2025-03-23T14:34:59Z,QTR276,"41.795578,31.77615",41000,310,142
1742740507,2025-03-23T14:35:07Z,QTR276,"41.791027,31.797834",41000,280,97
1742740509,2025-03-23T14:35:09Z,QTR276,"41.78791,31.805738",41000,380,124
1742740513,2025-03-23T14:35:13Z,QTR276,"41.784641,31.816923",41000,390,111
1742740519,2025-03-23T14:35:19Z,QTR276,"41.778725,31.837883",41000,490,114
1742740521,2025-03-23T14:35:21Z,QTR276,"41.777702,31.843624",41000,350,103
1742740527,2025-03-23T14:35:27Z,QTR276,"41.772644,31.862028",41000,400,117
1742740535,2025-03-23T14:35:35Z,QTR276,"41.766262,31.888327",41000,450,111
1742740540,2025-03-23T14:35:40Z,QTR276,"41.76265,31.901474",41000,547,88
1742740544,2025-03-23T14:35:44Z,QTR276,"41.757633,31.915688",41000,380,116
1742740547,2025-03-23T14:35:47Z,QTR276,"41.755341,31.927553",41000,520,104
1742740563,2025-03-23T14:36:03Z,QTR276,"41.74144,31.973969",41000,240,154
1742740572,2025-03-23T14:36:12Z,QTR276,"41.734531,32.004333",41000,430,95
1742740574,2025-03-23T14:36:14Z,QTR276,"41.730995,32.012047",41000,320,100
1742740576,2025-03-23T14:36:16Z,QTR276,"41.729134,32.019081",41000,710,92
1742740590,2025-03-23T14:36:30Z,QTR276,"41.717022,32.060547",41000,520,114
1742740593,2025-03-23T14:36:33Z,QTR276,"41.7164,32.071144",41000,380,107
1742740595,2025-03-23T14:36:35Z,QTR276,"41.714951,32.076859",41000,410,99
1742740606,2025-03-23T14:36:46Z,QTR276,"41.705566,32.108921",41000,430,110
1742740626,2025-03-23T14:37:06Z,QTR276,"41.686165,32.174561",41000,330,135
1742740655,2025-03-23T14:37:35Z,QTR276,"41.662308,32.264656",41000,480,101
1742740671,2025-03-23T14:37:51Z,QTR276,"41.64933,32.314777",41000,649,92
1742740688,2025-03-23T14:38:08Z,QTR276,"41.632648,32.373203",41000,540,102
1742740696,2025-03-23T14:38:16Z,QTR276,"41.626328,32.394695",41000,330,111
1742740743,2025-03-23T14:39:03Z,QTR276,"41.581718,32.539745",41000,160,147
1742740756,2025-03-23T14:39:16Z,QTR276,"41.568867,32.584923",41000,500,137
1742740762,2025-03-23T14:39:22Z,QTR276,"41.567932,32.60535",41000,160,142
1742740779,2025-03-23T14:39:39Z,QTR276,"41.549694,32.654747",41000,400,157
1742740781,2025-03-23T14:39:41Z,QTR276,"41.549435,32.664028",41000,280,208
1742740812,2025-03-23T14:40:12Z,QTR276,"41.521004,32.758221",41000,430,110
1742740837,2025-03-23T14:40:37Z,QTR276,"41.497311,32.83955",41000,643,90
1742740843,2025-03-23T14:40:43Z,QTR276,"41.495605,32.859295",41000,400,79
1742740865,2025-03-23T14:41:05Z,QTR276,"41.471504,32.925003",41000,220,92
1742740873,2025-03-23T14:41:13Z,QTR276,"41.463947,32.95071",41000,480,111
1742740875,2025-03-23T14:41:15Z,QTR276,"41.465252,32.960171",41000,580,79
1742740886,2025-03-23T14:41:26Z,QTR276,"41.455757,32.995522",41000,660,90
1742740890,2025-03-23T14:41:30Z,QTR276,"41.44561,32.99939",41000,280,135
1742740905,2025-03-23T14:41:45Z,QTR276,"41.430965,33.047398",41000,540,112
1742740908,2025-03-23T14:41:48Z,QTR276,"41.42878,33.056545",41000,400,107
1742740932,2025-03-23T14:42:12Z,QTR276,"41.396019,33.127258",41000,420,122
1742740941,2025-03-23T14:42:21Z,QTR276,"41.385174,33.152298",41000,420,100
1742740978,2025-03-23T14:42:58Z,QTR276,"41.340443,33.262253",41000,530,118
1742740985,2025-03-23T14:43:05Z,QTR276,"41.332573,33.279865",41000,565,115
1742740987,2025-03-23T14:43:07Z,QTR276,"41.330318,33.28611",41000,591,106
1742740989,2025-03-23T14:43:09Z,QTR276,"41.327545,33.293045",41000,561,101
1742740991,2025-03-23T14:43:11Z,QTR276,"41.328701,33.305752",41000,870,63
1742740993,2025-03-23T14:43:13Z,QTR276,"41.327362,33.31551",41000,570,100
1742740998,2025-03-23T14:43:18Z,QTR276,"41.322411,33.327057",41000,340,90
1742741006,2025-03-23T14:43:26Z,QTR276,"41.307186,33.346771",41000,270,113
1742741008,2025-03-23T14:43:28Z,QTR276,"41.31081,33.361351",41000,910,71
1742741017,2025-03-23T14:43:37Z,QTR276,"41.295383,33.380703",41000,80,124
1742742425,2025-03-23T15:07:05Z,QTR276,"40.052475,37.680984",41000,541,111
1742742456,2025-03-23T15:07:36Z,QTR276,"40.02356,37.775024",41000,542,111
1742742487,2025-03-23T15:08:07Z,QTR276,"39.994888,37.871185",41000,542,111
1742742518,2025-03-23T15:08:38Z,QTR276,"39.967026,37.965759",41000,539,111
1742742549,2025-03-23T15:09:09Z,QTR276,"39.939445,38.059387",41000,538,110
1742742581,2025-03-23T15:09:41Z,QTR276,"39.911282,38.154358",41000,537,111
1742742614,2025-03-23T15:10:14Z,QTR276,"39.88147,38.254871",41000,538,111
1742742646,2025-03-23T15:10:46Z,QTR276,"39.852161,38.353027",41000,538,111
1742742677,2025-03-23T15:11:17Z,QTR276,"39.824203,38.446117",41000,537,111
1742742708,2025-03-23T15:11:48Z,QTR276,"39.797424,38.535145",41000,537,111
1742742740,2025-03-23T15:12:20Z,QTR276,"39.767902,38.633057",41000,537,111
1742742771,2025-03-23T15:12:51Z,QTR276,"39.739746,38.726151",41000,539,111
1742742803,2025-03-23T15:13:23Z,QTR276,"39.710083,38.823711",41025,537,111
1742742839,2025-03-23T15:13:59Z,QTR276,"39.677078,38.93158",41000,535,111
1742742879,2025-03-23T15:14:39Z,QTR276,"39.641792,39.046814",41000,532,111
1742742893,2025-03-23T15:14:53Z,QTR276,"39.62796,39.091923",41000,533,111
1742743047,2025-03-23T15:17:27Z,QTR276,"39.472878,39.512581",41000,500,115
1742743374,2025-03-23T15:22:54Z,QTR276,"38.957424,40.326389",41000,537,130
1742743380,2025-03-23T15:23:00Z,QTR276,"38.947033,40.342182",41000,521,129
1742743439,2025-03-23T15:23:59Z,QTR276,"38.852993,40.484573",41000,530,130
1742743469,2025-03-23T15:24:29Z,QTR276,"38.805698,40.557297",41000,525,131
1742743501,2025-03-23T15:25:01Z,QTR276,"38.753986,40.635735",41000,537,126
1742743533,2025-03-23T15:25:33Z,QTR276,"38.704086,40.710857",41000,530,136
1742743565,2025-03-23T15:26:05Z,QTR276,"38.652733,40.788651",41000,526,131
1742743598,2025-03-23T15:26:38Z,QTR276,"38.599613,40.868462",41000,550,129
1742743630,2025-03-23T15:27:10Z,QTR276,"38.550579,40.943878",41000,518,130
1742743662,2025-03-23T15:27:42Z,QTR276,"38.499619,41.023712",41000,529,129
1742743693,2025-03-23T15:28:13Z,QTR276,"38.45826,41.102184",41000,528,121
1742743725,2025-03-23T15:28:45Z,QTR276,"38.420589,41.191601",41000,521,115
1742743732,2025-03-23T15:28:52Z,QTR276,"38.413319,41.209492",41000,502,132
1742743734,2025-03-23T15:28:54Z,QTR276,"38.410568,41.218075",41000,546,110
1742743762,2025-03-23T15:29:22Z,QTR276,"38.381863,41.295647",41000,521,119
1742743781,2025-03-23T15:29:41Z,QTR276,"38.337326,41.350979",41000,553,142
1742743814,2025-03-23T15:30:14Z,QTR276,"38.326855,41.441113",41000,697,114
1742743828,2025-03-23T15:30:28Z,QTR276,"38.287159,41.480923",41000,532,150
1742743852,2025-03-23T15:30:52Z,QTR276,"38.285946,41.548035",41000,536,115
1742743856,2025-03-23T15:30:56Z,QTR276,"38.282482,41.55761",41000,539,114
1742743896,2025-03-23T15:31:36Z,QTR276,"38.238529,41.673561",41000,535,115
1742743929,2025-03-23T15:32:09Z,QTR276,"38.202778,41.766766",41000,542,116
1742743965,2025-03-23T15:32:45Z,QTR276,"38.163441,41.869518",41000,520,116
1742743995,2025-03-23T15:33:15Z,QTR276,"38.115517,41.951363",41000,530,161
1742744021,2025-03-23T15:33:41Z,QTR276,"38.102036,42.029373",41000,506,112
1742744025,2025-03-23T15:33:45Z,QTR276,"38.09716,42.041111",41000,583,115
1742744056,2025-03-23T15:34:16Z,QTR276,"38.064507,42.12635",41000,547,116
1742744088,2025-03-23T15:34:48Z,QTR276,"38.029396,42.216785",41000,539,118
1742744121,2025-03-23T15:35:21Z,QTR276,"37.992283,42.312878",41000,538,116
1742744128,2025-03-23T15:35:28Z,QTR276,"37.984528,42.329521",41000,567,129
1742744156,2025-03-23T15:35:56Z,QTR276,"37.955486,42.40699",41000,527,115
1742744187,2025-03-23T15:36:27Z,QTR276,"37.921009,42.495258",41000,360,116
1742744219,2025-03-23T15:36:59Z,QTR276,"37.886364,42.583797",41000,518,115
1742744252,2025-03-23T15:37:32Z,QTR276,"37.849045,42.675095",41000,529,119
1742744274,2025-03-23T15:37:54Z,QTR276,"37.819458,42.737419",41000,615,147
1742744279,2025-03-23T15:37:59Z,QTR276,"37.81356,42.749504",41000,240,151
1742744299,2025-03-23T15:38:19Z,QTR276,"37.786873,42.803745",41000,587,121
1742744301,2025-03-23T15:38:21Z,QTR276,"37.785313,42.807079",41000,529,120
1742744310,2025-03-23T15:38:30Z,QTR276,"37.791439,42.824039",41000,210,26
1742744316,2025-03-23T15:38:36Z,QTR276,"37.781769,42.84129",41000,320,133
1742744320,2025-03-23T15:38:40Z,QTR276,"37.760929,42.858414",41000,56,133
1742744325,2025-03-23T15:38:45Z,QTR276,"37.755913,42.870033",41000,320,135
1742744328,2025-03-23T15:38:48Z,QTR276,"37.761749,42.874302",41000,310,143
1742744337,2025-03-23T15:38:57Z,QTR276,"37.755566,42.897099",41000,60,94
1742744341,2025-03-23T15:39:01Z,QTR276,"37.736477,42.912964",41000,60,159
1742744344,2025-03-23T15:39:04Z,QTR276,"37.734917,42.921417",41000,230,79
1742744358,2025-03-23T15:39:18Z,QTR276,"37.713104,42.95924",41000,430,122
1742744360,2025-03-23T15:39:20Z,QTR276,"37.709652,42.966362",41000,510,130
1742744365,2025-03-23T15:39:25Z,QTR276,"37.704449,42.977402",41000,576,120
1742744367,2025-03-23T15:39:27Z,QTR276,"37.701885,42.982521",41000,522,122
1742744370,2025-03-23T15:39:30Z,QTR276,"37.697426,42.991604",41000,524,121
1742744372,2025-03-23T15:39:32Z,QTR276,"37.694996,42.996937",41000,529,120
1742744380,2025-03-23T15:39:40Z,QTR276,"37.68647,43.018307",41000,410,103
1742744382,2025-03-23T15:39:42Z,QTR276,"37.682358,43.023178",41000,440,136
1742744387,2025-03-23T15:39:47Z,QTR276,"37.676315,43.038902",41000,550,149
1742744389,2025-03-23T15:39:49Z,QTR276,"37.673885,43.044598",41000,540,118
1742744393,2025-03-23T15:39:53Z,QTR276,"37.668304,43.052269",41000,410,138
1742744408,2025-03-23T15:40:08Z,QTR276,"37.649059,43.092594",41000,517,122
1742744413,2025-03-23T15:40:13Z,QTR276,"37.641449,43.109592",41000,530,118
1742744422,2025-03-23T15:40:22Z,QTR276,"37.630257,43.133114",41000,520,120
1742744432,2025-03-23T15:40:32Z,QTR276,"37.627502,43.15601",41025,700,155
1742744434,2025-03-23T15:40:34Z,QTR276,"37.619663,43.162556",41025,700,160
1742744437,2025-03-23T15:40:37Z,QTR276,"37.61182,43.170578",41000,710,159
1742744440,2025-03-23T15:40:40Z,QTR276,"37.618843,43.177223",41000,420,147
1742744443,2025-03-23T15:40:43Z,QTR276,"37.604496,43.18602",41000,561,133
1742744455,2025-03-23T15:40:55Z,QTR276,"37.588345,43.219265",41000,200,135
1742744463,2025-03-23T15:41:03Z,QTR276,"37.577854,43.240662",41000,491,122
1742744465,2025-03-23T15:41:05Z,QTR276,"37.575352,43.246151",41000,530,120
1742744467,2025-03-23T15:41:07Z,QTR276,"37.573448,43.249802",41000,528,123
1742744469,2025-03-23T15:41:09Z,QTR276,"37.570305,43.256409",41000,538,120
1742744471,2025-03-23T15:41:11Z,QTR276,"37.568054,43.261265",41000,556,120
1742744503,2025-03-23T15:41:43Z,QTR276,"37.526913,43.346233",41000,480,124
1742744512,2025-03-23T15:41:52Z,QTR276,"37.521114,43.369114",41000,740,168
1742744514,2025-03-23T15:41:54Z,QTR276,"37.512753,43.375645",41000,730,148
1742744517,2025-03-23T15:41:57Z,QTR276,"37.510231,43.382954",41000,440,108
1742744521,2025-03-23T15:42:01Z,QTR276,"37.503654,43.396046",41000,540,113
1742744527,2025-03-23T15:42:07Z,QTR276,"37.498749,43.410065",41000,90,163
1742744531,2025-03-23T15:42:11Z,QTR276,"37.490711,43.421249",41000,930,163
1742744533,2025-03-23T15:42:13Z,QTR276,"37.497906,43.4254",41000,570,154
1742744535,2025-03-23T15:42:15Z,QTR276,"37.485474,43.432217",41000,570,169
1742744538,2025-03-23T15:42:18Z,QTR276,"37.495991,43.437172",41000,280,140
1742744541,2025-03-23T15:42:21Z,QTR276,"37.488251,43.44614",41000,520,12
1742744545,2025-03-23T15:42:25Z,QTR276,"37.483383,43.458382",41000,440,34
1742744547,2025-03-23T15:42:27Z,QTR276,"37.492313,43.462364",41000,440,3
1742744555,2025-03-23T15:42:35Z,QTR276,"37.460934,43.483532",41000,546,122
1742744557,2025-03-23T15:42:37Z,QTR276,"37.45808,43.490715",41000,512,117
1742744561,2025-03-23T15:42:41Z,QTR276,"37.45303,43.501083",41000,520,117
1742744564,2025-03-23T15:42:44Z,QTR276,"37.449173,43.507622",41000,538,118
1742744566,2025-03-23T15:42:46Z,QTR276,"37.447002,43.512024",41000,537,120
1742744568,2025-03-23T15:42:48Z,QTR276,"37.444099,43.518005",41000,538,119
1742744570,2025-03-23T15:42:50Z,QTR276,"37.440788,43.524956",41000,532,121
1742744572,2025-03-23T15:42:52Z,QTR276,"37.438778,43.528862",41000,521,122
1742744574,2025-03-23T15:42:54Z,QTR276,"37.435989,43.534496",41000,545,124
1742744577,2025-03-23T15:42:57Z,QTR276,"37.432838,43.541191",41000,537,120
1742744589,2025-03-23T15:43:09Z,QTR276,"37.416737,43.574009",41000,539,121
1742744598,2025-03-23T15:43:18Z,QTR276,"37.405434,43.597221",41000,523,109
1742744600,2025-03-23T15:43:20Z,QTR276,"37.402569,43.602158",41000,513,103
1742744626,2025-03-23T15:43:46Z,QTR276,"37.368927,43.671516",41000,534,120
1742744630,2025-03-23T15:43:50Z,QTR276,"37.363728,43.682312",41000,521,120
1742744635,2025-03-23T15:43:55Z,QTR276,"37.357388,43.692799",41000,557,136
1742744639,2025-03-23T15:43:59Z,QTR276,"37.351788,43.704018",41000,530,126
1742744643,2025-03-23T15:44:03Z,QTR276,"37.345509,43.714535",41000,537,129
1742744656,2025-03-23T15:44:16Z,QTR276,"37.326534,43.745708",41000,539,130
1742744658,2025-03-23T15:44:18Z,QTR276,"37.323006,43.750439",41000,539,129
1742744662,2025-03-23T15:44:22Z,QTR276,"37.315228,43.762169",41000,680,135
1742744666,2025-03-23T15:44:26Z,QTR276,"37.309723,43.770386",41000,528,136
1742744671,2025-03-23T15:44:31Z,QTR276,"37.303013,43.780273",41000,531,133
1742744686,2025-03-23T15:44:46Z,QTR276,"37.276669,43.815224",41000,560,142
1742744689,2025-03-23T15:44:49Z,QTR276,"37.273079,43.820019",41000,511,106
1742744691,2025-03-23T15:44:51Z,QTR276,"37.269436,43.825218",41000,526,132
1742744693,2025-03-23T15:44:53Z,QTR276,"37.265312,43.829361",41000,60,180
1742744698,2025-03-23T15:44:58Z,QTR276,"37.255615,43.8414",41000,518,130
1742744700,2025-03-23T15:45:00Z,QTR276,"37.248344,43.845947",41000,885,157
1742744703,2025-03-23T15:45:03Z,QTR276,"37.247253,43.850285",41000,190,159
1742744708,2025-03-23T15:45:08Z,QTR276,"37.233086,43.862633",41000,950,160
1742744713,2025-03-23T15:45:13Z,QTR276,"37.228798,43.872265",41000,350,118
1742744717,2025-03-23T15:45:17Z,QTR276,"37.222313,43.878696",41000,120,132
1742744719,2025-03-23T15:45:19Z,QTR276,"37.21743,43.883629",41000,510,146
1742744721,2025-03-23T15:45:21Z,QTR276,"37.216763,43.888798",41000,350,92
1742744724,2025-03-23T15:45:24Z,QTR276,"37.207504,43.893833",41000,380,155
1742744727,2025-03-23T15:45:27Z,QTR276,"37.200996,43.900928",41000,525,143
1742744730,2025-03-23T15:45:30Z,QTR276,"37.197342,43.904037",41000,577,143
1742744732,2025-03-23T15:45:32Z,QTR276,"37.193466,43.908356",41000,504,138
1742744738,2025-03-23T15:45:38Z,QTR276,"37.181488,43.92017",41000,290,138
1742744741,2025-03-23T15:45:41Z,QTR276,"37.174061,43.926933",41000,510,141
1742744744,2025-03-23T15:45:44Z,QTR276,"37.170444,43.930134",41000,522,147
1742744746,2025-03-23T15:45:46Z,QTR276,"37.166737,43.933571",41000,517,143
1742744750,2025-03-23T15:45:50Z,QTR276,"37.15757,43.941357",41000,522,147
1742744752,2025-03-23T15:45:52Z,QTR276,"37.153618,43.944756",41000,538,144
1742744754,2025-03-23T15:45:54Z,QTR276,"37.149517,43.948341",41000,518,144
1742744761,2025-03-23T15:46:01Z,QTR276,"37.135624,43.959583",41000,524,148
1742744767,2025-03-23T15:46:07Z,QTR276,"37.122295,43.969746",41000,527,150
1742744776,2025-03-23T15:46:16Z,QTR276,"37.103817,43.983593",41000,551,155
1742744783,2025-03-23T15:46:23Z,QTR276,"37.090096,43.99316",41000,330,156
1742744787,2025-03-23T15:46:27Z,QTR276,"37.081318,43.999031",41000,536,156
1742744800,2025-03-23T15:46:40Z,QTR276,"37.052299,44.017487",41000,512,156
1742744818,2025-03-23T15:46:58Z,QTR276,"37.014339,44.03886",41000,514,157
1742744850,2025-03-23T15:47:30Z,QTR276,"36.941238,44.073124",41000,514,159
1742744857,2025-03-23T15:47:37Z,QTR276,"36.927521,44.079552",41000,509,158
1742744887,2025-03-23T15:48:07Z,QTR276,"36.859116,44.110992",41000,534,160
1742744891,2025-03-23T15:48:11Z,QTR276,"36.847382,44.115623",41000,626,168
1742744894,2025-03-23T15:48:14Z,QTR276,"36.844475,44.118027",41000,467,136
1742744921,2025-03-23T15:48:41Z,QTR276,"36.784122,44.145947",41000,525,158
1742744923,2025-03-23T15:48:43Z,QTR276,"36.779274,44.148251",41000,520,160
1742744954,2025-03-23T15:49:14Z,QTR276,"36.709633,44.178608",41000,522,165
1742744986,2025-03-23T15:49:46Z,QTR276,"36.638203,44.20665",41000,484,165
1742745009,2025-03-23T15:50:09Z,QTR276,"36.585621,44.227951",41000,522,140
1742745018,2025-03-23T15:50:18Z,QTR276,"36.565189,44.235767",41000,538,170
1742745039,2025-03-23T15:50:39Z,QTR276,"36.517719,44.255478",41000,471,161
1742745070,2025-03-23T15:51:10Z,QTR276,"36.446766,44.2845",41000,504,160
1742745101,2025-03-23T15:51:41Z,QTR276,"36.374912,44.313934",41000,512,161
1742745133,2025-03-23T15:52:13Z,QTR276,"36.303596,44.342953",41000,528,162
1742745164,2025-03-23T15:52:44Z,QTR276,"36.233089,44.371586",41000,519,162
1742745195,2025-03-23T15:53:15Z,QTR276,"36.161762,44.400318",41000,522,162
1742745227,2025-03-23T15:53:47Z,QTR276,"36.088989,44.429424",41000,527,161
1742745258,2025-03-23T15:54:18Z,QTR276,"36.017872,44.457947",41000,501,161
1742745290,2025-03-23T15:54:50Z,QTR276,"35.946888,44.486279",41000,504,158
1742745321,2025-03-23T15:55:21Z,QTR276,"35.875015,44.514748",41000,518,162
1742745352,2025-03-23T15:55:52Z,QTR276,"35.804562,44.542572",41000,512,163
1742745384,2025-03-23T15:56:24Z,QTR276,"35.733906,44.570854",41000,506,161
1742745415,2025-03-23T15:56:55Z,QTR276,"35.661793,44.599556",41000,507,160
1742745449,2025-03-23T15:57:29Z,QTR276,"35.585178,44.629921",41000,530,157
1742745451,2025-03-23T15:57:31Z,QTR276,"35.582043,44.631001",41000,680,147
1742745474,2025-03-23T15:57:54Z,QTR276,"35.531139,44.651432",41000,512,162
1742745476,2025-03-23T15:57:56Z,QTR276,"35.526646,44.653221",41000,519,161
1742745478,2025-03-23T15:57:58Z,QTR276,"35.522045,44.655094",41000,513,161
1742745480,2025-03-23T15:58:00Z,QTR276,"35.517559,44.656815",41000,506,162
1742745511,2025-03-23T15:58:31Z,QTR276,"35.446888,44.68499",41000,517,161
1742745544,2025-03-23T15:59:04Z,QTR276,"35.372902,44.71418",41000,529,162
1742745592,2025-03-23T15:59:52Z,QTR276,"35.264313,44.757404",41000,480,161
1742745600,2025-03-23T16:00:00Z,QTR276,"35.246891,44.764336",41000,503,160
1742745604,2025-03-23T16:00:04Z,QTR276,"35.23724,44.768002",41000,527,159
1742745606,2025-03-23T16:00:06Z,QTR276,"35.232304,44.770103",41000,496,159
1742745608,2025-03-23T16:00:08Z,QTR276,"35.22776,44.772079",41000,484,159
1742745613,2025-03-23T16:00:13Z,QTR276,"35.216785,44.776016",41000,563,159
1742745615,2025-03-23T16:00:15Z,QTR276,"35.212673,44.777939",41000,467,158
1742745617,2025-03-23T16:00:17Z,QTR276,"35.208443,44.779572",41000,493,160
1742745619,2025-03-23T16:00:19Z,QTR276,"35.204185,44.781445",41000,502,160
1742745650,2025-03-23T16:00:50Z,QTR276,"35.134251,44.80925",41000,525,163
1742745685,2025-03-23T16:01:25Z,QTR276,"35.05349,44.840645",41000,506,162
1742745718,2025-03-23T16:01:58Z,QTR276,"34.980698,44.869095",41000,503,162
1742745749,2025-03-23T16:02:29Z,QTR276,"34.910103,44.896507",41000,519,162
1742745781,2025-03-23T16:03:01Z,QTR276,"34.839069,44.924232",41000,499,162
1742745813,2025-03-23T16:03:33Z,QTR276,"34.768497,44.952",41000,509,164
1742745816,2025-03-23T16:03:36Z,QTR276,"34.759048,44.944695",41000,320,214
1742745820,2025-03-23T16:03:40Z,QTR276,"34.750576,44.958939",41000,555,146
1742745833,2025-03-23T16:03:53Z,QTR276,"34.722694,44.957722",41000,770,254
1742745835,2025-03-23T16:03:55Z,QTR276,"34.719326,44.969742",41000,460,109
1742745837,2025-03-23T16:03:57Z,QTR276,"34.714794,44.970882",41000,540,104
1742745839,2025-03-23T16:03:59Z,QTR276,"34.710018,44.968853",41000,540,86
1742745841,2025-03-23T16:04:01Z,QTR276,"34.704464,44.95956",41000,760,263
1742745843,2025-03-23T16:04:03Z,QTR276,"34.700043,44.97271",41000,560,238
1742745849,2025-03-23T16:04:09Z,QTR276,"34.688007,44.97533",41000,250,215
1742745853,2025-03-23T16:04:13Z,QTR276,"34.67952,44.982391",41000,310,176
1742745855,2025-03-23T16:04:15Z,QTR276,"34.674232,44.9804",41000,290,171
1742745862,2025-03-23T16:04:22Z,QTR276,"34.659607,44.98983",41000,519,185
1742745864,2025-03-23T16:04:24Z,QTR276,"34.655014,44.994061",41000,552,137
1742745866,2025-03-23T16:04:26Z,QTR276,"34.651081,44.995716",41000,496,151
1742745868,2025-03-23T16:04:28Z,QTR276,"34.644901,44.998447",41000,584,162
1742745870,2025-03-23T16:04:30Z,QTR276,"34.641769,44.997257",41000,519,197
1742745872,2025-03-23T16:04:32Z,QTR276,"34.635303,44.998619",41000,512,167
1742745874,2025-03-23T16:04:34Z,QTR276,"34.632416,44.999531",41000,531,164
1742745876,2025-03-23T16:04:36Z,QTR276,"34.628147,45.002544",41000,430,144
1742745878,2025-03-23T16:04:38Z,QTR276,"34.624287,45.003502",41000,210,137
1742745880,2025-03-23T16:04:40Z,QTR276,"34.619736,45.004051",41000,516,165
1742745884,2025-03-23T16:04:44Z,QTR276,"34.609501,45.011353",41000,470,154
1742745888,2025-03-23T16:04:48Z,QTR276,"34.600979,45.013935",41000,465,149
1742745890,2025-03-23T16:04:50Z,QTR276,"34.595592,45.015064",41000,544,175
1742745895,2025-03-23T16:04:55Z,QTR276,"34.587002,45.019253",41000,518,164
1742745897,2025-03-23T16:04:57Z,QTR276,"34.582153,45.023281",41000,514,147
1742745901,2025-03-23T16:05:01Z,QTR276,"34.571609,45.011448",41000,540,226
1742745903,2025-03-23T16:05:03Z,QTR276,"34.56876,45.022816",41000,490,101
1742745905,2025-03-23T16:05:05Z,QTR276,"34.562939,45.017906",41000,240,131
1742745908,2025-03-23T16:05:08Z,QTR276,"34.555279,45.02169",41000,590,109
1742745910,2025-03-23T16:05:10Z,QTR276,"34.551025,45.025276",41000,618,109
1742745914,2025-03-23T16:05:14Z,QTR276,"34.542156,45.030537",41000,810,100
1742745917,2025-03-23T16:05:17Z,QTR276,"34.538197,45.036896",41000,350,147
1742745919,2025-03-23T16:05:19Z,QTR276,"34.53373,45.040325",41000,300,167
1742745921,2025-03-23T16:05:21Z,QTR276,"34.52914,45.040783",41000,499,143
1742745925,2025-03-23T16:05:25Z,QTR276,"34.520035,45.045197",41000,534,179
1742745929,2025-03-23T16:05:29Z,QTR276,"34.511387,45.047878",41000,360,165
1742745932,2025-03-23T16:05:32Z,QTR276,"34.502895,45.050877",41000,505,170
1742745935,2025-03-23T16:05:35Z,QTR276,"34.496674,45.054749",41000,523,148
1742745938,2025-03-23T16:05:38Z,QTR276,"34.489632,45.055897",41000,390,172
1742745953,2025-03-23T16:05:53Z,QTR276,"34.457539,45.070072",41000,480,159
1742745955,2025-03-23T16:05:55Z,QTR276,"34.451508,45.065887",41000,480,209
1742745957,2025-03-23T16:05:57Z,QTR276,"34.446644,45.068649",41000,360,242
1742745959,2025-03-23T16:05:59Z,QTR276,"34.441818,45.07375",41000,200,194
1742745962,2025-03-23T16:06:02Z,QTR276,"34.436012,45.073578",41000,400,214
1742745964,2025-03-23T16:06:04Z,QTR276,"34.432659,45.06839",41000,810,253
1742745970,2025-03-23T16:06:10Z,QTR276,"34.419785,45.079834",41000,40,173
1742745973,2025-03-23T16:06:13Z,QTR276,"34.412918,45.088943",41000,530,107
1742745979,2025-03-23T16:06:19Z,QTR276,"34.399784,45.091385",41000,220,201
1742745989,2025-03-23T16:06:29Z,QTR276,"34.375488,45.102859",41000,507,162
1742745991,2025-03-23T16:06:31Z,QTR276,"34.370941,45.102352",41000,507,162
1742745994,2025-03-23T16:06:34Z,QTR276,"34.366226,45.105019",41000,507,162
1742745997,2025-03-23T16:06:37Z,QTR276,"34.358059,45.110031",41000,540,162
1742745999,2025-03-23T16:06:39Z,QTR276,"34.355042,45.105469",41000,450,162
1742746001,2025-03-23T16:06:41Z,QTR276,"34.348309,45.098339",41000,720,162
1742746003,2025-03-23T16:06:43Z,QTR276,"34.344898,45.096325",41000,310,162
1742746009,2025-03-23T16:06:49Z,QTR276,"34.331936,45.113407",41000,310,162
1742746015,2025-03-23T16:06:55Z,QTR276,"34.318108,45.124493",41000,420,138
1742746020,2025-03-23T16:07:00Z,QTR276,"34.308441,45.128471",41000,230,190
1742746023,2025-03-23T16:07:03Z,QTR276,"34.301262,45.133152",41000,350,124
1742746033,2025-03-23T16:07:13Z,QTR276,"34.2771,45.135593",41000,466,232
1742746035,2025-03-23T16:07:15Z,QTR276,"34.272324,45.142143",41000,380,115
1742746038,2025-03-23T16:07:18Z,QTR276,"34.266083,45.128578",41000,463,150
1742746041,2025-03-23T16:07:21Z,QTR276,"34.261082,45.146114",41000,250,151
1742746043,2025-03-23T16:07:23Z,QTR276,"34.256424,45.148457",41000,491,190
1742746045,2025-03-23T16:07:25Z,QTR276,"34.252022,45.148346",41000,479,171
1742746049,2025-03-23T16:07:29Z,QTR276,"34.243073,45.152874",41000,500,151
1742746051,2025-03-23T16:07:31Z,QTR276,"34.23806,45.154953",41000,488,158
1742746053,2025-03-23T16:07:33Z,QTR276,"34.2341,45.15617",41000,482,174
1742746055,2025-03-23T16:07:35Z,QTR276,"34.229027,45.156723",41000,495,174
1742746057,2025-03-23T16:07:37Z,QTR276,"34.223907,45.158596",41000,540,156
1742746059,2025-03-23T16:07:39Z,QTR276,"34.219082,45.163452",41000,559,142
1742746095,2025-03-23T16:08:15Z,QTR276,"34.138641,45.192688",41000,450,166
1742746104,2025-03-23T16:08:24Z,QTR276,"34.116074,45.204197",41000,330,144
1742746114,2025-03-23T16:08:34Z,QTR276,"34.093861,45.214104",41000,430,180
1742746116,2025-03-23T16:08:36Z,QTR276,"34.088985,45.212997",41000,360,190
1742746124,2025-03-23T16:08:44Z,QTR276,"34.0709,45.221672",41000,480,134
1742746134,2025-03-23T16:08:54Z,QTR276,"34.047722,45.227829",41000,420,176
1742746136,2025-03-23T16:08:56Z,QTR276,"34.043221,45.23378",41000,500,132
1742746138,2025-03-23T16:08:58Z,QTR276,"34.040356,45.231647",41000,60,174
1742746143,2025-03-23T16:09:03Z,QTR276,"34.03006,45.241474",41000,680,110
1742746146,2025-03-23T16:09:06Z,QTR276,"34.02388,45.235775",41000,140,225
1742746149,2025-03-23T16:09:09Z,QTR276,"34.016121,45.243973",41000,420,129
1742746152,2025-03-23T16:09:12Z,QTR276,"34.008961,45.246391",41000,530,175
1742746154,2025-03-23T16:09:14Z,QTR276,"34.003738,45.24844",41000,510,165
1742746156,2025-03-23T16:09:16Z,QTR276,"33.998573,45.243637",41000,990,107
1742746158,2025-03-23T16:09:18Z,QTR276,"33.994328,45.246033",41000,990,108
1742746163,2025-03-23T16:09:23Z,QTR276,"33.987846,45.234398",41000,509,162
1742746168,2025-03-23T16:09:28Z,QTR276,"33.973751,45.25758",41000,509,162
1742746170,2025-03-23T16:09:30Z,QTR276,"33.969471,45.25658",41000,509,162
1742746172,2025-03-23T16:09:32Z,QTR276,"33.964203,45.259789",41000,509,162
1742746175,2025-03-23T16:09:35Z,QTR276,"33.959923,45.26049",41000,509,162
1742746177,2025-03-23T16:09:37Z,QTR276,"33.954468,45.262859",41000,509,162
1742746179,2025-03-23T16:09:39Z,QTR276,"33.949032,45.265717",41000,510,162
1742746181,2025-03-23T16:09:41Z,QTR276,"33.944424,45.268322",41000,508,162
1742746186,2025-03-23T16:09:46Z,QTR276,"33.931747,45.276257",41000,509,162
1742746217,2025-03-23T16:10:17Z,QTR276,"33.861652,45.30304",41000,509,161
1742746248,2025-03-23T16:10:48Z,QTR276,"33.79422,45.327835",41000,510,161
1742746279,2025-03-23T16:11:19Z,QTR276,"33.724583,45.354122",41000,510,162
1742746313,2025-03-23T16:11:53Z,QTR276,"33.646969,45.381771",41000,509,162
1742746344,2025-03-23T16:12:24Z,QTR276,"33.579395,45.406219",41000,510,162
1742746376,2025-03-23T16:12:56Z,QTR276,"33.506393,45.436375",41000,512,162
1742746408,2025-03-23T16:13:28Z,QTR276,"33.43428,45.461163",41000,350,162
1742746412,2025-03-23T16:13:32Z,QTR276,"33.42165,45.472111",41000,350,122
1742746415,2025-03-23T16:13:35Z,QTR276,"33.415726,45.476364",41000,470,90
1742746417,2025-03-23T16:13:37Z,QTR276,"33.410488,45.47324",41000,580,90
1742746420,2025-03-23T16:13:40Z,QTR276,"33.405704,45.474499",41000,280,90
1742746423,2025-03-23T16:13:43Z,QTR276,"33.397362,45.482906",41000,470,90
1742746426,2025-03-23T16:13:46Z,QTR276,"33.398949,45.472553",41000,680,90
1742746428,2025-03-23T16:13:48Z,QTR276,"33.381481,45.49551",41000,680,90
1742746430,2025-03-23T16:13:50Z,QTR276,"33.380962,45.483505",41000,450,90
1742746432,2025-03-23T16:13:52Z,QTR276,"33.381516,45.478447",41000,240,90
1742746434,2025-03-23T16:13:54Z,QTR276,"33.376419,45.484074",41000,460,90
1742746436,2025-03-23T16:13:56Z,QTR276,"33.369724,45.488525",41000,750,90
1742746442,2025-03-23T16:14:02Z,QTR276,"33.354641,45.495018",41000,508,162
1742746446,2025-03-23T16:14:06Z,QTR276,"33.345047,45.501926",41000,508,162
1742746449,2025-03-23T16:14:09Z,QTR276,"33.338642,45.500309",41000,508,162
1742746453,2025-03-23T16:14:13Z,QTR276,"33.326363,45.510876",41000,508,162
1742746579,2025-03-23T16:16:19Z,QTR276,"33.051544,45.606182",41000,480,163
1742746599,2025-03-23T16:16:39Z,QTR276,"33.007404,45.622795",41000,488,172
1742746614,2025-03-23T16:16:54Z,QTR276,"32.977982,45.617981",41000,420,207
1742746645,2025-03-23T16:17:25Z,QTR276,"32.904972,45.6647",41000,470,159
1742746668,2025-03-23T16:17:48Z,QTR276,"32.857952,45.689602",41000,490,147
1742746675,2025-03-23T16:17:55Z,QTR276,"32.833862,45.66943",41000,200,97
1742746678,2025-03-23T16:17:58Z,QTR276,"32.829025,45.671394",41000,240,123
1742746680,2025-03-23T16:18:00Z,QTR276,"32.824421,45.671989",41000,380,193
1742746684,2025-03-23T16:18:04Z,QTR276,"32.815685,45.67733",41000,300,135
1742746697,2025-03-23T16:18:17Z,QTR276,"32.789059,45.692398",41000,240,161
1742746704,2025-03-23T16:18:24Z,QTR276,"32.775875,45.705494",41000,470,140
1742746707,2025-03-23T16:18:27Z,QTR276,"32.767414,45.705578",41025,420,179
1742746713,2025-03-23T16:18:33Z,QTR276,"32.75676,45.715313",41025,527,146
1742746722,2025-03-23T16:18:42Z,QTR276,"32.735191,45.7258",41000,542,176
1742746734,2025-03-23T16:18:54Z,QTR276,"32.714817,45.740517",41000,457,204
1742746817,2025-03-23T16:20:17Z,QTR276,"32.555851,45.877575",41000,490,143
1742746840,2025-03-23T16:20:40Z,QTR276,"32.510101,45.903057",41000,470,154
1742747001,2025-03-23T16:23:21Z,QTR276,"32.211739,46.263245",41000,560,134
1742747024,2025-03-23T16:23:44Z,QTR276,"32.168839,46.302921",41000,521,134
1742747034,2025-03-23T16:23:54Z,QTR276,"32.149067,46.321987",41000,504,129
1742747063,2025-03-23T16:24:23Z,QTR276,"32.091904,46.373795",41000,523,142
1742747096,2025-03-23T16:24:56Z,QTR276,"32.029633,46.430695",41000,520,142
1742747128,2025-03-23T16:25:28Z,QTR276,"31.968725,46.486179",41000,518,142
1742747161,2025-03-23T16:26:01Z,QTR276,"31.907272,46.542206",41000,518,142
1742747192,2025-03-23T16:26:32Z,QTR276,"31.847038,46.596943",41000,518,142
1742747223,2025-03-23T16:27:03Z,QTR276,"31.788754,46.649857",41000,520,142
1742747256,2025-03-23T16:27:36Z,QTR276,"31.726515,46.706287",41000,521,142
1742747288,2025-03-23T16:28:08Z,QTR276,"31.665157,46.761768",41000,520,142
1742747319,2025-03-23T16:28:39Z,QTR276,"31.60643,46.814789",41000,519,142
1742747352,2025-03-23T16:29:12Z,QTR276,"31.544037,46.871067",41000,517,142
1742747383,2025-03-23T16:29:43Z,QTR276,"31.483749,46.925301",41000,516,142
1742747416,2025-03-23T16:30:16Z,QTR276,"31.422621,46.980232",41000,517,142
1742747449,2025-03-23T16:30:49Z,QTR276,"31.358984,47.037193",41000,519,142
1742747479,2025-03-23T16:31:19Z,QTR276,"31.301538,47.088665",41000,521,142
1742747511,2025-03-23T16:31:51Z,QTR276,"31.239298,47.144367",41000,522,142
1742747543,2025-03-23T16:32:23Z,QTR276,"31.179428,47.197803",41000,522,142
1742747575,2025-03-23T16:32:55Z,QTR276,"31.116819,47.253571",40975,520,142
1742747608,2025-03-23T16:33:28Z,QTR276,"31.054346,47.309105",41000,522,142
1742747640,2025-03-23T16:34:00Z,QTR276,"30.993622,47.363029",41000,522,142
1742747672,2025-03-23T16:34:32Z,QTR276,"30.930634,47.418877",41000,523,142
1742747704,2025-03-23T16:35:04Z,QTR276,"30.86986,47.472637",41000,523,142
1742747735,2025-03-23T16:35:35Z,QTR276,"30.812136,47.527458",41000,529,137
1742747767,2025-03-23T16:36:07Z,QTR276,"30.753525,47.589703",41000,530,137
1742747797,2025-03-23T16:36:37Z,QTR276,"30.697906,47.647652",41000,532,138
1742747829,2025-03-23T16:37:09Z,QTR276,"30.639286,47.708515",41000,534,138
1742747862,2025-03-23T16:37:42Z,QTR276,"30.579712,47.770546",41000,531,138
1742747893,2025-03-23T16:38:13Z,QTR276,"30.522217,47.830326",41000,529,138
1742747926,2025-03-23T16:38:46Z,QTR276,"30.464996,47.889618",41000,528,138
1742747956,2025-03-23T16:39:16Z,QTR276,"30.407316,47.949333",41000,526,138
1742747989,2025-03-23T16:39:49Z,QTR276,"30.348568,48.010033",41000,524,138
1742748020,2025-03-23T16:40:20Z,QTR276,"30.292236,48.068146",41000,523,138
1742748053,2025-03-23T16:40:53Z,QTR276,"30.233551,48.128628",41000,522,138
1742748083,2025-03-23T16:41:23Z,QTR276,"30.178186,48.185539",41000,524,138
1742748115,2025-03-23T16:41:55Z,QTR276,"30.119158,48.246075",41000,525,138
1742748146,2025-03-23T16:42:26Z,QTR276,"30.064692,48.301777",41000,527,138
1742748178,2025-03-23T16:42:58Z,QTR276,"30.004826,48.362694",41000,525,138
1742748210,2025-03-23T16:43:30Z,QTR276,"29.947102,48.420483",41000,523,139
1742748240,2025-03-23T16:44:00Z,QTR276,"29.890182,48.47226",41000,511,144
1742748272,2025-03-23T16:44:32Z,QTR276,"29.827461,48.517994",41000,499,149
1742748302,2025-03-23T16:45:02Z,QTR276,"29.765762,48.555241",41000,493,153
1742748334,2025-03-23T16:45:34Z,QTR276,"29.700468,48.593014",41000,495,152
1742748367,2025-03-23T16:46:07Z,QTR276,"29.633619,48.63195",41000,495,153
1742748399,2025-03-23T16:46:39Z,QTR276,"29.567886,48.669971",41000,495,153
1742748431,2025-03-23T16:47:11Z,QTR276,"29.50127,48.70837",41000,496,153
1742748463,2025-03-23T16:47:43Z,QTR276,"29.435259,48.746552",41000,496,153
1742748494,2025-03-23T16:48:14Z,QTR276,"29.373438,48.782257",41000,495,153
1742748526,2025-03-23T16:48:46Z,QTR276,"29.307861,48.820179",41000,496,153
1742748559,2025-03-23T16:49:19Z,QTR276,"29.24081,48.858894",41000,494,153
1742748589,2025-03-23T16:49:49Z,QTR276,"29.179781,48.894062",41000,490,153
1742748621,2025-03-23T16:50:21Z,QTR276,"29.113861,48.931942",41000,489,153
1742748654,2025-03-23T16:50:54Z,QTR276,"29.048813,48.969234",41000,488,153
1742748686,2025-03-23T16:51:26Z,QTR276,"28.983656,49.006618",41000,488,153
1742748717,2025-03-23T16:51:57Z,QTR276,"28.919508,49.0434",41000,488,153
1742748749,2025-03-23T16:52:29Z,QTR276,"28.854845,49.080345",41000,488,153
1742748781,2025-03-23T16:53:01Z,QTR276,"28.790836,49.117882",41000,491,152
1742748813,2025-03-23T16:53:33Z,QTR276,"28.726315,49.156925",41000,492,151
1742748844,2025-03-23T16:54:04Z,QTR276,"28.66482,49.193653",41000,493,152
1742748876,2025-03-23T16:54:36Z,QTR276,"28.600485,49.231892",41000,494,152
1742748907,2025-03-23T16:55:07Z,QTR276,"28.53722,49.271095",41000,501,149
1742748938,2025-03-23T16:55:38Z,QTR276,"28.476097,49.318756",41000,515,142
1742748969,2025-03-23T16:56:09Z,QTR276,"28.419113,49.374195",41025,524,137
1742749000,2025-03-23T16:56:40Z,QTR276,"28.362991,49.430397",41000,523,138
1742749032,2025-03-23T16:57:12Z,QTR276,"28.305389,49.487053",41000,524,138
1742749063,2025-03-23T16:57:43Z,QTR276,"28.247131,49.544537",41000,523,138
1742749094,2025-03-23T16:58:14Z,QTR276,"28.190277,49.597672",41000,514,142
1742749125,2025-03-23T16:58:45Z,QTR276,"28.130997,49.647797",41000,515,142
1742749157,2025-03-23T16:59:17Z,QTR276,"28.071396,49.699085",41000,517,142
1742749188,2025-03-23T16:59:48Z,QTR276,"28.011087,49.75024",41000,515,144
1742749219,2025-03-23T17:00:19Z,QTR276,"27.949768,49.797066",41000,512,146
1742749251,2025-03-23T17:00:51Z,QTR276,"27.886978,49.844654",41000,514,145
1742749284,2025-03-23T17:01:24Z,QTR276,"27.82283,49.894249",41000,513,145
1742749315,2025-03-23T17:01:55Z,QTR276,"27.761753,49.941734",40650,509,145
1742749348,2025-03-23T17:02:28Z,QTR276,"27.698273,49.990852",39225,512,145
1742749379,2025-03-23T17:02:59Z,QTR276,"27.637552,50.037655",37800,512,145
1742749410,2025-03-23T17:03:30Z,QTR276,"27.577871,50.083447",36325,511,145
1742749441,2025-03-23T17:04:01Z,QTR276,"27.51796,50.129875",35200,500,145
1742749472,2025-03-23T17:04:32Z,QTR276,"27.458542,50.175648",33475,502,145
1742749503,2025-03-23T17:05:03Z,QTR276,"27.397339,50.222652",31000,525,144
1742749534,2025-03-23T17:05:34Z,QTR276,"27.338499,50.271904",30300,502,143
1742749565,2025-03-23T17:06:05Z,QTR276,"27.281101,50.319389",29450,481,144
1742749596,2025-03-23T17:06:36Z,QTR276,"27.225937,50.363811",29025,478,144
1742749626,2025-03-23T17:07:06Z,QTR276,"27.169968,50.408588",29000,480,144
1742749659,2025-03-23T17:07:39Z,QTR276,"27.111511,50.455608",29000,482,144
1742749690,2025-03-23T17:08:10Z,QTR276,"27.055115,50.501041",29000,480,144
1742749720,2025-03-23T17:08:40Z,QTR276,"26.999554,50.545773",29000,481,144
1742749751,2025-03-23T17:09:11Z,QTR276,"26.945879,50.592464",29000,488,139
1742749782,2025-03-23T17:09:42Z,QTR276,"26.893066,50.642776",29000,481,139
1742749813,2025-03-23T17:10:13Z,QTR276,"26.839279,50.69294",29000,484,140
1742749846,2025-03-23T17:10:46Z,QTR276,"26.782928,50.745331",28600,484,140
1742749877,2025-03-23T17:11:17Z,QTR276,"26.729919,50.794926",28075,475,140
1742749907,2025-03-23T17:11:47Z,QTR276,"26.679337,50.842033",27225,471,140
1742749938,2025-03-23T17:12:18Z,QTR276,"26.6283,50.889729",26350,458,140
1742749970,2025-03-23T17:12:50Z,QTR276,"26.576021,50.93832",25325,447,140
1742750001,2025-03-23T17:13:21Z,QTR276,"26.527933,50.982742",24325,440,140
1742750033,2025-03-23T17:13:53Z,QTR276,"26.477703,51.029381",23250,435,140
1742750065,2025-03-23T17:14:25Z,QTR276,"26.428345,51.075077",22225,429,140
1742750097,2025-03-23T17:14:57Z,QTR276,"26.379868,51.119801",21200,425,140
1742750130,2025-03-23T17:15:30Z,QTR276,"26.3302,51.165714",21000,421,140
1742750162,2025-03-23T17:16:02Z,QTR276,"26.281403,51.210747",21000,424,140
1742750194,2025-03-23T17:16:34Z,QTR276,"26.232931,51.255394",20875,422,140
1742750225,2025-03-23T17:17:05Z,QTR276,"26.187263,51.297489",20375,418,140
1742750257,2025-03-23T17:17:37Z,QTR276,"26.138535,51.342274",19850,415,140
1742750288,2025-03-23T17:18:08Z,QTR276,"26.093399,51.383732",19325,409,140
1742750303,2025-03-23T17:18:23Z,QTR276,"26.072479,51.406376",19075,417,129
1742750305,2025-03-23T17:18:25Z,QTR276,"26.070282,51.409435",19050,420,128
1742750307,2025-03-23T17:18:27Z,QTR276,"26.067993,51.412907",19025,420,126
1742750309,2025-03-23T17:18:29Z,QTR276,"26.065704,51.416534",18975,422,123
1742750311,2025-03-23T17:18:31Z,QTR276,"26.063736,51.419952",18950,424,122
1742750313,2025-03-23T17:18:33Z,QTR276,"26.061493,51.424049",18925,425,120
1742750315,2025-03-23T17:18:35Z,QTR276,"26.059616,51.42778",18875,426,119
1742750317,2025-03-23T17:18:37Z,QTR276,"26.057877,51.431305",18850,427,118
1742750319,2025-03-23T17:18:39Z,QTR276,"26.055588,51.436069",18800,428,117
1742750321,2025-03-23T17:18:41Z,QTR276,"26.054169,51.439075",18775,428,117
1742750323,2025-03-23T17:18:43Z,QTR276,"26.052261,51.443111",18750,429,117
1742750325,2025-03-23T17:18:45Z,QTR276,"26.050369,51.447109",18725,428,117
1742750327,2025-03-23T17:18:47Z,QTR276,"26.048447,51.451202",18675,430,117
1742750329,2025-03-23T17:18:49Z,QTR276,"26.046629,51.454994",18650,430,117
1742750331,2025-03-23T17:18:51Z,QTR276,"26.044767,51.458904",18625,429,117
1742750333,2025-03-23T17:18:53Z,QTR276,"26.042997,51.462601",18600,428,118
1742750335,2025-03-23T17:18:55Z,QTR276,"26.040997,51.466667",18550,428,118
1742750357,2025-03-23T17:19:17Z,QTR276,"26.019196,51.506756",18200,412,127
1742750359,2025-03-23T17:19:19Z,QTR276,"26.016323,51.510666",18150,410,129
1742750361,2025-03-23T17:19:21Z,QTR276,"26.014555,51.512993",18125,408,131
1742750363,2025-03-23T17:19:23Z,QTR276,"26.011185,51.516964",18100,406,133
1742750365,2025-03-23T17:19:25Z,QTR276,"26.008596,51.519859",18050,405,135
1742750367,2025-03-23T17:19:27Z,QTR276,"26.005829,51.52277",18025,404,137
1742750369,2025-03-23T17:19:29Z,QTR276,"26.00267,51.525826",18000,401,139
1742750371,2025-03-23T17:19:31Z,QTR276,"25.999891,51.528362",17950,399,141
1742750373,2025-03-23T17:19:33Z,QTR276,"25.996632,51.531109",17925,398,142
1742750375,2025-03-23T17:19:35Z,QTR276,"25.993792,51.533379",17875,398,144
1742750377,2025-03-23T17:19:37Z,QTR276,"25.990814,51.535568",17850,394,146
1742750380,2025-03-23T17:19:40Z,QTR276,"25.987747,51.537746",17825,394,148
1742750382,2025-03-23T17:19:42Z,QTR276,"25.983877,51.540192",17775,392,150
1742750384,2025-03-23T17:19:44Z,QTR276,"25.981455,51.541672",17750,391,152
1742750386,2025-03-23T17:19:46Z,QTR276,"25.977173,51.544048",17700,391,153
1742750388,2025-03-23T17:19:48Z,QTR276,"25.973648,51.545933",17675,390,154
1742750390,2025-03-23T17:19:50Z,QTR276,"25.970398,51.547646",17625,390,154
1742750392,2025-03-23T17:19:52Z,QTR276,"25.966827,51.549458",17600,391,155
1742750394,2025-03-23T17:19:54Z,QTR276,"25.963394,51.55122",17550,391,155
1742750396,2025-03-23T17:19:56Z,QTR276,"25.960831,51.552517",17525,392,155
1742750398,2025-03-23T17:19:58Z,QTR276,"25.956619,51.554691",17475,391,154
1742750400,2025-03-23T17:20:00Z,QTR276,"25.95413,51.555984",17450,392,154
1742750402,2025-03-23T17:20:02Z,QTR276,"25.950686,51.557781",17425,392,154
1742750404,2025-03-23T17:20:04Z,QTR276,"25.947327,51.559563",17400,392,154
1742750436,2025-03-23T17:20:36Z,QTR276,"25.895096,51.588894",16850,388,152
1742750467,2025-03-23T17:21:07Z,QTR276,"25.845062,51.61496",16325,381,162
1742750469,2025-03-23T17:21:09Z,QTR276,"25.842545,51.615776",16275,380,164
1742750471,2025-03-23T17:21:11Z,QTR276,"25.838959,51.616779",16250,378,166
1742750473,2025-03-23T17:21:13Z,QTR276,"25.83477,51.617783",16200,376,167
1742750475,2025-03-23T17:21:15Z,QTR276,"25.831879,51.618382",16150,374,170
1742750477,2025-03-23T17:21:17Z,QTR276,"25.828949,51.618908",16125,373,171
1742750479,2025-03-23T17:21:19Z,QTR276,"25.8246,51.619568",16050,372,172
1742750481,2025-03-23T17:21:21Z,QTR276,"25.82127,51.620041",16000,371,172
1742750483,2025-03-23T17:21:23Z,QTR276,"25.818104,51.620506",15975,370,173
1742750485,2025-03-23T17:21:25Z,QTR276,"25.814529,51.620991",15900,370,173
1742750487,2025-03-23T17:21:27Z,QTR276,"25.810656,51.62149",15850,370,173
1742750489,2025-03-23T17:21:29Z,QTR276,"25.807526,51.621906",15800,369,173
1742750491,2025-03-23T17:21:31Z,QTR276,"25.804464,51.622322",15775,369,173
1742750494,2025-03-23T17:21:34Z,QTR276,"25.799856,51.622944",15700,369,172
1742750496,2025-03-23T17:21:36Z,QTR276,"25.796539,51.623432",15650,369,172
1742750527,2025-03-23T17:22:07Z,QTR276,"25.742752,51.631977",14800,369,171
1742750559,2025-03-23T17:22:39Z,QTR276,"25.689377,51.640778",13825,365,171
1742750590,2025-03-23T17:23:10Z,QTR276,"25.637558,51.64912",12775,359,171
1742750623,2025-03-23T17:23:43Z,QTR276,"25.584503,51.657513",11675,356,171
1742750635,2025-03-23T17:23:55Z,QTR276,"25.564178,51.660767",11350,350,171
1742750649,2025-03-23T17:24:09Z,QTR276,"25.541723,51.664349",11175,340,171
1742750663,2025-03-23T17:24:23Z,QTR276,"25.520004,51.667889",11025,326,171
1742750677,2025-03-23T17:24:37Z,QTR276,"25.500153,51.671135",10875,306,171
1742750690,2025-03-23T17:24:50Z,QTR276,"25.481964,51.674091",10625,293,171
1742750704,2025-03-23T17:25:04Z,QTR276,"25.46319,51.677147",10150,288,171
1742750718,2025-03-23T17:25:18Z,QTR276,"25.445127,51.68005",9700,282,171
1742750732,2025-03-23T17:25:32Z,QTR276,"25.426941,51.682892",9350,279,171
1742750746,2025-03-23T17:25:46Z,QTR276,"25.409096,51.685596",8975,282,172
1742750761,2025-03-23T17:26:01Z,QTR276,"25.390549,51.688335",8675,282,172
1742750773,2025-03-23T17:26:13Z,QTR276,"25.374115,51.690876",8475,281,171
1742750787,2025-03-23T17:26:27Z,QTR276,"25.355759,51.693829",8250,278,171
1742750802,2025-03-23T17:26:42Z,QTR276,"25.338057,51.696632",8000,275,171
1742750816,2025-03-23T17:26:56Z,QTR276,"25.320602,51.699474",7900,267,170
1742750828,2025-03-23T17:27:08Z,QTR276,"25.305704,51.703423",7850,262,161
1742750830,2025-03-23T17:27:10Z,QTR276,"25.30394,51.704102",7825,260,160
1742750832,2025-03-23T17:27:12Z,QTR276,"25.301281,51.705235",7800,260,159
1742750834,2025-03-23T17:27:14Z,QTR276,"25.299513,51.706013",7775,259,158
1742750836,2025-03-23T17:27:16Z,QTR276,"25.29689,51.707153",7725,258,157
1742750838,2025-03-23T17:27:18Z,QTR276,"25.294624,51.708241",7675,257,157
1742750840,2025-03-23T17:27:20Z,QTR276,"25.292343,51.709278",7650,255,156
1742750842,2025-03-23T17:27:22Z,QTR276,"25.290344,51.710205",7625,254,156
1742750844,2025-03-23T17:27:24Z,QTR276,"25.28834,51.711143",7600,254,157
1742750846,2025-03-23T17:27:26Z,QTR276,"25.286152,51.712181",7575,253,157
1742750848,2025-03-23T17:27:28Z,QTR276,"25.283871,51.713215",7550,251,157
1742750850,2025-03-23T17:27:30Z,QTR276,"25.281784,51.714222",7525,251,157
1742750852,2025-03-23T17:27:32Z,QTR276,"25.279541,51.71524",7475,250,157
1742750866,2025-03-23T17:27:46Z,QTR276,"25.264458,51.722027",7250,246,157
1742750880,2025-03-23T17:28:00Z,QTR276,"25.249969,51.728466",7000,244,158
1742750894,2025-03-23T17:28:14Z,QTR276,"25.234955,51.734924",6750,239,158
1742750907,2025-03-23T17:28:27Z,QTR276,"25.221497,51.740723",6425,236,158
1742750921,2025-03-23T17:28:41Z,QTR276,"25.207169,51.746979",5975,234,158
1742750935,2025-03-23T17:28:55Z,QTR276,"25.193186,51.753017",5475,234,158
1742750949,2025-03-23T17:29:09Z,QTR276,"25.178942,51.759235",4950,234,158
1742750957,2025-03-23T17:29:17Z,QTR276,"25.170841,51.76276",4650,235,158
1742750965,2025-03-23T17:29:25Z,QTR276,"25.162766,51.766357",4350,236,158
1742750973,2025-03-23T17:29:33Z,QTR276,"25.154022,51.770222",4050,237,157
1742750982,2025-03-23T17:29:42Z,QTR276,"25.145874,51.773834",3750,237,157
1742750990,2025-03-23T17:29:50Z,QTR276,"25.137465,51.77758",3500,236,158
1742750996,2025-03-23T17:29:56Z,QTR276,"25.13118,51.780346",3350,236,158
1742751004,2025-03-23T17:30:04Z,QTR276,"25.123219,51.783798",3175,236,159
1742751009,2025-03-23T17:30:09Z,QTR276,"25.11795,51.785736",3075,237,164
1742751012,2025-03-23T17:30:12Z,QTR276,"25.114838,51.786499",3000,238,167
1742751014,2025-03-23T17:30:14Z,QTR276,"25.113144,51.786804",2975,239,172
1742751016,2025-03-23T17:30:16Z,QTR276,"25.111038,51.787006",2925,239,176
1742751018,2025-03-23T17:30:18Z,QTR276,"25.1082,51.78706",2875,240,178
1742751021,2025-03-23T17:30:21Z,QTR276,"25.104218,51.786652",2775,241,188
1742751023,2025-03-23T17:30:23Z,QTR276,"25.102503,51.786285",2750,241,190
1742751025,2025-03-23T17:30:25Z,QTR276,"25.100464,51.785736",2700,242,196
1742751027,2025-03-23T17:30:27Z,QTR276,"25.097855,51.784771",2650,242,200
1742751030,2025-03-23T17:30:30Z,QTR276,"25.096125,51.783955",2625,240,205
1742751032,2025-03-23T17:30:32Z,QTR276,"25.094147,51.782787",2600,238,210
1742751034,2025-03-23T17:30:34Z,QTR276,"25.091675,51.781055",2575,238,213
1742751036,2025-03-23T17:30:36Z,QTR276,"25.089935,51.779633",2550,236,218
1742751038,2025-03-23T17:30:38Z,QTR276,"25.088072,51.77784",2550,234,223
1742751041,2025-03-23T17:30:41Z,QTR276,"25.086117,51.775455",2525,230,228
1742751043,2025-03-23T17:30:43Z,QTR276,"25.084579,51.773224",2500,228,233
1742751045,2025-03-23T17:30:45Z,QTR276,"25.083389,51.771343",2475,227,237
1742751047,2025-03-23T17:30:47Z,QTR276,"25.082199,51.769154",2450,224,239
1742751049,2025-03-23T17:30:49Z,QTR276,"25.081276,51.767216",2425,223,242
1742751051,2025-03-23T17:30:51Z,QTR276,"25.080343,51.765038",2425,222,244
1742751053,2025-03-23T17:30:53Z,QTR276,"25.079544,51.763153",2400,220,245
1742751055,2025-03-23T17:30:55Z,QTR276,"25.07872,51.761017",2400,217,246
1742751057,2025-03-23T17:30:57Z,QTR276,"25.077971,51.759026",2375,214,247
1742751060,2025-03-23T17:31:00Z,QTR276,"25.077179,51.756954",2375,211,248
1742751062,2025-03-23T17:31:02Z,QTR276,"25.076569,51.755219",2375,210,248
1742751064,2025-03-23T17:31:04Z,QTR276,"25.075548,51.752396",2375,208,248
1742751066,2025-03-23T17:31:06Z,QTR276,"25.075012,51.750843",2375,206,248
1742751068,2025-03-23T17:31:08Z,QTR276,"25.074188,51.748455",2375,204,249
1742751070,2025-03-23T17:31:10Z,QTR276,"25.073547,51.746433",2375,201,251
1742751072,2025-03-23T17:31:12Z,QTR276,"25.072998,51.744385",2375,200,252
1742751074,2025-03-23T17:31:14Z,QTR276,"25.072617,51.742805",2375,198,256
1742751077,2025-03-23T17:31:17Z,QTR276,"25.072104,51.739231",2375,194,262
1742751080,2025-03-23T17:31:20Z,QTR276,"25.072083,51.736553",2375,190,272
1742751082,2025-03-23T17:31:22Z,QTR276,"25.07222,51.73457",2375,188,276
1742751084,2025-03-23T17:31:24Z,QTR276,"25.072569,51.732651",2375,186,281
1742751086,2025-03-23T17:31:26Z,QTR276,"25.072849,51.731407",2375,185,286
1742751088,2025-03-23T17:31:28Z,QTR276,"25.073502,51.729229",2375,183,290
1742751090,2025-03-23T17:31:30Z,QTR276,"25.074152,51.72757",2375,182,294
1742751092,2025-03-23T17:31:32Z,QTR276,"25.075058,51.725666",2375,182,296
1742751094,2025-03-23T17:31:34Z,QTR276,"25.075874,51.724098",2375,181,300
1742751096,2025-03-23T17:31:36Z,QTR276,"25.076666,51.722698",2375,180,302
1742751098,2025-03-23T17:31:38Z,QTR276,"25.077738,51.721043",2375,180,304
1742751100,2025-03-23T17:31:40Z,QTR276,"25.078812,51.71936",2400,179,306
1742751102,2025-03-23T17:31:42Z,QTR276,"25.079727,51.718037",2400,180,306
1742751104,2025-03-23T17:31:44Z,QTR276,"25.08046,51.716969",2400,179,307
1742751106,2025-03-23T17:31:46Z,QTR276,"25.081694,51.715237",2400,178,307
1742751108,2025-03-23T17:31:48Z,QTR276,"25.082748,51.713764",2400,178,308
1742751110,2025-03-23T17:31:50Z,QTR276,"25.08371,51.712444",2400,175,308
1742751112,2025-03-23T17:31:52Z,QTR276,"25.084673,51.71109",2400,174,308
1742751115,2025-03-23T17:31:55Z,QTR276,"25.086256,51.708862",2400,170,308
1742751117,2025-03-23T17:31:57Z,QTR276,"25.087187,51.707619",2400,168,308
1742751119,2025-03-23T17:31:59Z,QTR276,"25.088118,51.706326",2400,167,308
1742751121,2025-03-23T17:32:01Z,QTR276,"25.088863,51.705288",2400,166,308
1742751123,2025-03-23T17:32:03Z,QTR276,"25.090073,51.703693",2400,164,309
1742751125,2025-03-23T17:32:05Z,QTR276,"25.091097,51.702438",2400,161,311
1742751127,2025-03-23T17:32:07Z,QTR276,"25.092133,51.701252",2375,160,314
1742751129,2025-03-23T17:32:09Z,QTR276,"25.09346,51.699932",2375,157,318
1742751131,2025-03-23T17:32:11Z,QTR276,"25.094542,51.698967",2375,157,321
1742751133,2025-03-23T17:32:13Z,QTR276,"25.095749,51.697998",2400,157,323
1742751135,2025-03-23T17:32:15Z,QTR276,"25.09701,51.697102",2400,156,327
1742751138,2025-03-23T17:32:18Z,QTR276,"25.098175,51.696369",2400,156,330
1742751140,2025-03-23T17:32:20Z,QTR276,"25.099569,51.695599",2400,156,332
1742751142,2025-03-23T17:32:22Z,QTR276,"25.1012,51.694717",2400,157,334
1742751144,2025-03-23T17:32:24Z,QTR276,"25.102316,51.694199",2400,156,336
1742751146,2025-03-23T17:32:26Z,QTR276,"25.103621,51.693577",2400,156,336
1742751148,2025-03-23T17:32:28Z,QTR276,"25.104971,51.693005",2400,156,337
1742751150,2025-03-23T17:32:30Z,QTR276,"25.106506,51.692333",2400,156,338
1742751152,2025-03-23T17:32:32Z,QTR276,"25.10788,51.691742",2400,155,338
1742751154,2025-03-23T17:32:34Z,QTR276,"25.109299,51.691139",2400,156,338
1742751156,2025-03-23T17:32:36Z,QTR276,"25.110764,51.690472",2400,156,338
1742751158,2025-03-23T17:32:38Z,QTR276,"25.112045,51.689911",2400,156,338
1742751160,2025-03-23T17:32:40Z,QTR276,"25.113396,51.689327",2400,154,338
1742751162,2025-03-23T17:32:42Z,QTR276,"25.114792,51.688705",2400,153,338
1742751164,2025-03-23T17:32:44Z,QTR276,"25.11619,51.688133",2400,152,338
1742751166,2025-03-23T17:32:46Z,QTR276,"25.117401,51.687622",2400,152,338
1742751168,2025-03-23T17:32:48Z,QTR276,"25.11861,51.687046",2400,152,338
1742751176,2025-03-23T17:32:56Z,QTR276,"25.123947,51.684723",2400,153,337
1742751184,2025-03-23T17:33:04Z,QTR276,"25.129503,51.682228",2400,152,337
1742751193,2025-03-23T17:33:13Z,QTR276,"25.134577,51.68",2375,150,337
1742751201,2025-03-23T17:33:21Z,QTR276,"25.140198,51.677502",2325,151,338
1742751207,2025-03-23T17:33:27Z,QTR276,"25.144135,51.675823",2250,151,338
1742751215,2025-03-23T17:33:35Z,QTR276,"25.149288,51.673519",2150,147,338
1742751223,2025-03-23T17:33:43Z,QTR276,"25.154343,51.671345",2050,143,338
1742751231,2025-03-23T17:33:51Z,QTR276,"25.15925,51.669167",1950,142,337
1742751239,2025-03-23T17:33:59Z,QTR276,"25.164371,51.666889",1825,139,338
1742751245,2025-03-23T17:34:05Z,QTR276,"25.167709,51.665447",1750,140,338
1742751253,2025-03-23T17:34:13Z,QTR276,"25.172653,51.663258",1650,140,338
1742751261,2025-03-23T17:34:21Z,QTR276,"25.177414,51.661175",1550,135,337
1742751267,2025-03-23T17:34:27Z,QTR276,"25.180984,51.659595",1475,133,338
1742751275,2025-03-23T17:34:35Z,QTR276,"25.185379,51.657665",1400,132,338
1742751283,2025-03-23T17:34:43Z,QTR276,"25.189819,51.655731",1300,130,337
1742751292,2025-03-23T17:34:52Z,QTR276,"25.19463,51.653622",1225,123,338
1742751298,2025-03-23T17:34:58Z,QTR276,"25.197655,51.652325",1150,117,338
1742751306,2025-03-23T17:35:06Z,QTR276,"25.201658,51.650513",1050,110,337
1742751314,2025-03-23T17:35:14Z,QTR276,"25.205616,51.64875",975,109,337
1742751322,2025-03-23T17:35:22Z,QTR276,"25.209366,51.647137",900,107,338
1742751330,2025-03-23T17:35:30Z,QTR276,"25.213158,51.645485",825,109,338
1742751338,2025-03-23T17:35:38Z,QTR276,"25.217022,51.643776",750,110,338
1742751347,2025-03-23T17:35:47Z,QTR276,"25.220699,51.642117",675,109,337
1742751355,2025-03-23T17:35:55Z,QTR276,"25.224422,51.640511",600,108,338
1742751363,2025-03-23T17:36:03Z,QTR276,"25.228193,51.638851",525,110,337
1742751371,2025-03-23T17:36:11Z,QTR276,"25.232071,51.637115",450,113,337
1742751379,2025-03-23T17:36:19Z,QTR276,"25.236155,51.635326",375,112,338
1742751387,2025-03-23T17:36:27Z,QTR276,"25.239832,51.633671",300,114,337
1742751395,2025-03-23T17:36:35Z,QTR276,"25.243835,51.631908",200,112,338
1742751403,2025-03-23T17:36:43Z,QTR276,"25.247561,51.630302",125,110,338
1742751411,2025-03-23T17:36:51Z,QTR276,"25.251516,51.62854",50,110,338
1742751425,2025-03-23T17:37:05Z,QTR276,"25.257988,51.625793",0,112,338
1742751447,2025-03-23T17:37:27Z,QTR276,"25.267263,51.621647",0,69,337
1742751453,2025-03-23T17:37:33Z,QTR276,"25.269054,51.620857",0,56,337
1742751461,2025-03-23T17:37:41Z,QTR276,"25.270487,51.62022",0,48,337
1742751471,2025-03-23T17:37:51Z,QTR276,"25.271837,51.619637",0,38,337
1742751478,2025-03-23T17:37:58Z,QTR276,"25.273212,51.618908",0,24,329
1742751481,2025-03-23T17:38:01Z,QTR276,"25.273466,51.618717",0,22,326
1742751484,2025-03-23T17:38:04Z,QTR276,"25.273762,51.618462",0,22,320
1742751488,2025-03-23T17:38:08Z,QTR276,"25.274025,51.618202",0,22,317
1742751491,2025-03-23T17:38:11Z,QTR276,"25.274281,51.617916",0,21,315
1742751495,2025-03-23T17:38:15Z,QTR276,"25.274471,51.617661",0,18,312
1742751498,2025-03-23T17:38:18Z,QTR276,"25.274643,51.61742",0,15,309
1742751502,2025-03-23T17:38:22Z,QTR276,"25.274794,51.617203",0,13,309
1742751507,2025-03-23T17:38:27Z,QTR276,"25.274979,51.616932",0,14,309
1742751514,2025-03-23T17:38:34Z,QTR276,"25.275246,51.61657",0,12,309
1742751522,2025-03-23T17:38:42Z,QTR276,"25.275503,51.616219",0,10,309
1742751529,2025-03-23T17:38:49Z,QTR276,"25.275673,51.615971",0,8,306
1742751535,2025-03-23T17:38:55Z,QTR276,"25.275719,51.615753",0,7,289
1742751541,2025-03-23T17:39:01Z,QTR276,"25.275654,51.615532",0,7,267
1742751548,2025-03-23T17:39:08Z,QTR276,"25.275524,51.615284",0,8,250
1742751553,2025-03-23T17:39:13Z,QTR276,"25.275444,51.615078",0,9,247
1742751558,2025-03-23T17:39:18Z,QTR276,"25.275362,51.614872",0,9,247
1742751562,2025-03-23T17:39:22Z,QTR276,"25.275293,51.614651",0,10,250
1742751570,2025-03-23T17:39:30Z,QTR276,"25.275146,51.614239",0,12,247
1742751578,2025-03-23T17:39:38Z,QTR276,"25.274956,51.613743",0,13,247
1742751585,2025-03-23T17:39:45Z,QTR276,"25.274803,51.613312",0,15,247
1742751592,2025-03-23T17:39:52Z,QTR276,"25.274607,51.61277",0,15,247
1742751599,2025-03-23T17:39:59Z,QTR276,"25.274414,51.612244",0,16,247
1742751606,2025-03-23T17:40:06Z,QTR276,"25.274246,51.611774",0,12,247
1742751613,2025-03-23T17:40:13Z,QTR276,"25.274117,51.611416",0,12,247
1742751620,2025-03-23T17:40:20Z,QTR276,"25.273977,51.611034",0,10,247
1742751627,2025-03-23T17:40:27Z,QTR276,"25.273861,51.610775",0,7,244
1742751634,2025-03-23T17:40:34Z,QTR276,"25.27364,51.610661",0,8,216
1742751640,2025-03-23T17:40:40Z,QTR276,"25.27342,51.610672",0,8,191
1742751651,2025-03-23T17:40:51Z,QTR276,"25.273199,51.610817",0,4,163
1742751664,2025-03-23T17:41:04Z,QTR276,"25.272989,51.610905",0,4,160
1742751676,2025-03-23T17:41:16Z,QTR276,"25.272791,51.611115",0,5,140
1742751684,2025-03-23T17:41:24Z,QTR276,"25.27272,51.611328",0,5,123
1742751692,2025-03-23T17:41:32Z,QTR276,"25.272652,51.611542",0,5,115
1742751700,2025-03-23T17:41:40Z,QTR276,"25.272581,51.611763",0,6,112
1742751709,2025-03-23T17:41:49Z,QTR276,"25.272488,51.61198",0,5,112
1742751718,2025-03-23T17:41:58Z,QTR276,"25.2724,51.612206",0,3,112
1742751738,2025-03-23T17:42:18Z,QTR276,"25.272326,51.612408",0,1,112
